,season,yr,mnth,holiday,weekday,workingday,weathersit,temp,hum,windspeed,cnt,predicted count
0,1,0,1,0,6,0,2,0.344167,0.805833,0.160446,985,1159.16
1,1,0,1,0,0,0,2,0.363478,0.696087,0.24853899999999998,801,1170.81
2,1,0,1,0,1,1,1,0.196364,0.43727299999999997,0.248309,1349,1373.42
3,1,0,1,0,2,1,1,0.2,0.590435,0.160296,1562,1557.98
4,1,0,1,0,3,1,1,0.22695700000000002,0.436957,0.1869,1600,1570.76
5,1,0,1,0,4,1,1,0.204348,0.518261,0.0895652,1606,1585.43
6,1,0,1,0,5,1,2,0.196522,0.49869600000000003,0.168726,1510,1510.08
7,1,0,1,0,6,0,2,0.165,0.535833,0.266804,959,1050.14
8,1,0,1,0,0,0,1,0.13833299999999998,0.434167,0.36195,822,913.7
9,1,0,1,0,1,1,1,0.150833,0.482917,0.22326700000000002,1321,1325.79
10,1,0,1,0,2,1,2,0.16909100000000002,0.6863640000000001,0.12213199999999999,1263,1199.08
11,1,0,1,0,3,1,1,0.172727,0.599545,0.304627,1162,1218.51
12,1,0,1,0,4,1,1,0.165,0.47041700000000003,0.301,1406,1341.63
13,1,0,1,0,5,1,1,0.16087,0.537826,0.126548,1421,1403.19
14,1,0,1,0,6,0,2,0.23333299999999998,0.49875,0.15796300000000002,1248,1289.0
15,1,0,1,0,0,0,1,0.231667,0.48375,0.188433,1204,1213.09
16,1,0,1,1,1,0,2,0.175833,0.5375,0.194017,1000,1106.86
17,1,0,1,0,2,1,2,0.216667,0.861667,0.146775,683,897.11
18,1,0,1,0,3,1,2,0.292174,0.741739,0.208317,1650,1337.72
19,1,0,1,0,4,1,2,0.261667,0.538333,0.195904,1927,1826.0
20,1,0,1,0,5,1,1,0.1775,0.457083,0.353242,1543,1293.56
21,1,0,1,0,6,0,1,0.0591304,0.4,0.17197,981,1030.74
22,1,0,1,0,0,0,1,0.0965217,0.436522,0.2466,986,1004.82
23,1,0,1,0,1,1,1,0.0973913,0.49173900000000004,0.15833,1416,1391.51
24,1,0,1,0,2,1,2,0.223478,0.616957,0.129796,1985,1764.25
25,1,0,1,0,3,1,3,0.2175,0.8625,0.29385,506,713.8
26,1,0,1,0,4,1,1,0.195,0.6875,0.113837,431,795.19
27,1,0,1,0,5,1,2,0.203478,0.793043,0.1233,1167,1069.42
28,1,0,1,0,6,0,1,0.196522,0.6517390000000001,0.14536500000000002,1098,1194.24
29,1,0,1,0,0,0,1,0.216522,0.722174,0.0739826,1096,1043.05
30,1,0,1,0,1,1,2,0.180833,0.60375,0.187192,1501,1457.83
31,1,0,2,0,2,1,2,0.192174,0.829565,0.053212999999999996,1360,1345.86
32,1,0,2,0,3,1,2,0.26,0.775417,0.264308,1526,1619.73
33,1,0,2,0,4,1,1,0.18695699999999998,0.43782600000000005,0.277752,1550,1550.02
34,1,0,2,0,5,1,2,0.211304,0.585217,0.127839,1708,1676.78
35,1,0,2,0,6,0,2,0.23333299999999998,0.929167,0.161079,1005,1119.51
36,1,0,2,0,0,0,1,0.285833,0.568333,0.1418,1623,1761.9
37,1,0,2,0,1,1,1,0.271667,0.738333,0.045408300000000006,1712,1826.28
38,1,0,2,0,2,1,1,0.220833,0.537917,0.36195,1530,1621.48
39,1,0,2,0,3,1,2,0.134783,0.494783,0.188839,1605,1554.89
40,1,0,2,0,4,1,1,0.144348,0.437391,0.221935,1538,1576.53
41,1,0,2,0,5,1,1,0.189091,0.506364,0.10855,1746,1751.48
42,1,0,2,0,6,0,1,0.2225,0.544167,0.20336700000000002,1472,1553.26
43,1,0,2,0,0,0,1,0.31652199999999997,0.457391,0.260883,1589,1742.2
44,1,0,2,0,1,1,1,0.415,0.375833,0.17880200000000002,1913,2360.89
45,1,0,2,0,2,1,1,0.26608699999999996,0.314348,0.29137399999999997,1815,1826.12
46,1,0,2,0,3,1,1,0.318261,0.42347799999999997,0.251791,2115,2041.68
47,1,0,2,0,4,1,1,0.43583299999999997,0.505,0.230104,2475,2762.76
48,1,0,2,0,5,1,1,0.521667,0.516667,0.264925,2927,3489.28
49,1,0,2,0,6,0,1,0.399167,0.6275,0.17880200000000002,1635,1873.45
50,1,0,2,0,0,0,1,0.285217,0.407826,0.223235,1812,1815.74
51,1,0,2,1,1,0,2,0.303333,0.605,0.307846,1107,1336.63
52,1,0,2,0,2,1,1,0.182222,0.577778,0.195683,1450,1612.27
53,1,0,2,0,3,1,1,0.221739,0.423043,0.094113,1917,1737.85
54,1,0,2,0,4,1,2,0.295652,0.697391,0.250496,1807,1661.82
55,1,0,2,0,5,1,2,0.364348,0.712174,0.346539,1461,1507.85
56,1,0,2,0,6,0,1,0.2825,0.537917,0.18657100000000001,1969,1921.41
57,1,0,2,0,0,0,1,0.343478,0.68,0.125248,2402,2174.1
58,1,0,2,0,1,1,2,0.407273,0.8763639999999999,0.289686,1446,1852.21
59,1,0,3,0,2,1,1,0.266667,0.535,0.216425,1851,1902.65
60,1,0,3,0,3,1,1,0.335,0.449583,0.30783299999999997,2134,2115.68
61,1,0,3,0,4,1,1,0.19833299999999998,0.318333,0.225754,1685,1700.4
62,1,0,3,0,5,1,2,0.261667,0.610417,0.203346,1944,1900.92
63,1,0,3,0,6,0,2,0.384167,0.789167,0.251871,2077,1798.33
64,1,0,3,0,0,0,2,0.37652199999999997,0.948261,0.343287,605,953.72
65,1,0,3,0,1,1,1,0.261739,0.551304,0.341352,1872,1786.45
66,1,0,3,0,2,1,1,0.2925,0.420833,0.12065,2133,2124.68
67,1,0,3,0,3,1,2,0.295833,0.775417,0.22015,1891,1851.19
68,1,0,3,0,4,1,3,0.38909099999999996,0.6275,0.26187699999999997,623,1313.87
69,1,0,3,0,5,1,2,0.31652199999999997,0.649565,0.23296999999999998,1977,1924.69
70,1,0,3,0,6,0,1,0.329167,0.594583,0.220775,2132,2150.07
71,1,0,3,0,0,0,1,0.384348,0.5273909999999999,0.270604,2417,2326.93
72,1,0,3,0,1,1,1,0.32521700000000003,0.496957,0.136926,2046,2078.79
73,1,0,3,0,2,1,2,0.317391,0.655652,0.184309,2056,1805.89
74,1,0,3,0,3,1,2,0.365217,0.776522,0.20311700000000002,2192,2049.26
75,1,0,3,0,4,1,1,0.415,0.602917,0.209579,2744,2588.98
76,1,0,3,0,5,1,1,0.54,0.525217,0.231017,3239,3686.34
77,1,0,3,0,6,0,1,0.4725,0.37916700000000003,0.368167,3117,3535.11
78,1,0,3,0,0,0,1,0.3325,0.47375,0.20772100000000002,2471,2316.27
79,2,0,3,0,1,1,2,0.430435,0.737391,0.288783,2077,2303.4
80,2,0,3,0,2,1,1,0.44166700000000003,0.624583,0.22575,2703,2864.01
81,2,0,3,0,3,1,2,0.346957,0.839565,0.23426100000000002,2121,1919.3
82,2,0,3,0,4,1,2,0.285,0.805833,0.24378699999999998,1865,1738.31
83,2,0,3,0,5,1,1,0.264167,0.495,0.230725,2210,2083.44
84,2,0,3,0,6,0,1,0.265833,0.394167,0.209571,2496,2030.03
85,2,0,3,0,0,0,2,0.25304299999999996,0.493913,0.1843,1693,1705.29
86,2,0,3,0,1,1,1,0.264348,0.302174,0.212204,2028,2001.41
87,2,0,3,0,2,1,1,0.3025,0.31416700000000003,0.226996,2425,2278.5
88,2,0,3,0,3,1,2,0.3,0.646667,0.17288800000000001,1536,1706.23
89,2,0,3,0,4,1,3,0.268333,0.918333,0.217646,1685,1401.55
90,2,0,4,0,5,1,2,0.3,0.68625,0.258708,2227,1740.73
91,2,0,4,0,6,0,2,0.315,0.65375,0.19714600000000002,2252,2050.49
92,2,0,4,0,0,0,1,0.378333,0.48,0.182213,3249,2272.64
93,2,0,4,0,1,1,1,0.573333,0.42625,0.17880200000000002,3115,3589.23
94,2,0,4,0,2,1,2,0.414167,0.642083,0.17880200000000002,1795,2114.7
95,2,0,4,0,3,1,1,0.390833,0.470833,0.263063,2808,2601.16
96,2,0,4,0,4,1,1,0.4375,0.602917,0.16231199999999998,3141,3154.09
97,2,0,4,0,5,1,2,0.335833,0.83625,0.226992,1471,1595.25
98,2,0,4,0,6,0,2,0.3425,0.8775,0.13308299999999998,2455,1636.14
99,2,0,4,0,0,0,2,0.426667,0.8575,0.146767,2895,2731.3
100,2,0,4,0,1,1,2,0.5956520000000001,0.716956,0.324474,3348,3586.58
101,2,0,4,0,2,1,2,0.5025,0.739167,0.274879,2034,2529.69
102,2,0,4,0,3,1,2,0.4125,0.819167,0.25061700000000003,2162,2208.96
103,2,0,4,0,4,1,1,0.4675,0.540417,0.1107,3267,3631.88
104,2,0,4,1,5,0,1,0.446667,0.67125,0.226375,3126,3141.21
105,2,0,4,0,6,0,3,0.43083299999999997,0.888333,0.340808,795,1362.64
106,2,0,4,0,0,0,1,0.456667,0.479583,0.303496,3744,3709.91
107,2,0,4,0,1,1,1,0.5125,0.5425,0.16356700000000002,3429,3545.81
108,2,0,4,0,2,1,2,0.505833,0.665833,0.157971,3204,3304.52
109,2,0,4,0,3,1,1,0.595,0.614167,0.241925,3944,4027.94
110,2,0,4,0,4,1,1,0.459167,0.407083,0.325258,4189,3869.85
111,2,0,4,0,5,1,2,0.336667,0.729583,0.219521,1683,1738.9
112,2,0,4,0,6,0,2,0.46,0.887917,0.230725,4036,3128.45
113,2,0,4,0,0,0,2,0.581667,0.810833,0.192175,4191,4186.37
114,2,0,4,0,1,1,1,0.606667,0.776667,0.185333,4073,3976.12
115,2,0,4,0,2,1,1,0.631667,0.729167,0.3265,4400,3803.68
116,2,0,4,0,3,1,2,0.62,0.835417,0.3122,3872,3794.71
117,2,0,4,0,4,1,2,0.6175,0.700833,0.32090799999999997,4058,3985.3
118,2,0,4,0,5,1,1,0.51,0.457083,0.240063,4595,4270.19
119,2,0,4,0,6,0,1,0.4725,0.503333,0.235075,5312,4633.84
120,2,0,5,0,0,0,2,0.451667,0.762083,0.10635399999999999,3351,3509.63
121,2,0,5,0,1,1,2,0.549167,0.73,0.183454,4401,4322.14
122,2,0,5,0,2,1,2,0.616667,0.697083,0.342667,4451,4072.5
123,2,0,5,0,3,1,2,0.414167,0.737083,0.328996,2633,2319.01
124,2,0,5,0,4,1,1,0.459167,0.44416700000000003,0.295392,4433,4155.62
125,2,0,5,0,5,1,1,0.479167,0.59,0.228246,4608,4169.5
126,2,0,5,0,6,0,1,0.52,0.54125,0.16045,4714,4920.75
127,2,0,5,0,0,0,1,0.5283329999999999,0.631667,0.0746375,4333,4677.57
128,2,0,5,0,1,1,1,0.5325,0.58875,0.17600000000000002,4362,4442.17
129,2,0,5,0,2,1,1,0.5325,0.489167,0.11567100000000001,4803,4816.04
130,2,0,5,0,3,1,1,0.5425,0.632917,0.12064200000000001,4182,4390.92
131,2,0,5,0,4,1,1,0.535,0.7475,0.189667,4864,4730.89
132,2,0,5,0,5,1,2,0.5125,0.863333,0.179725,4105,4041.04
133,2,0,5,0,6,0,2,0.520833,0.9225,0.13495,3409,3637.93
134,2,0,5,0,0,0,2,0.5625,0.867083,0.152979,4553,4376.81
135,2,0,5,0,1,1,1,0.5775,0.787917,0.126871,3958,4154.68
136,2,0,5,0,2,1,2,0.561667,0.837917,0.277354,4123,3806.83
137,2,0,5,0,3,1,2,0.55,0.87,0.201492,3855,3970.42
138,2,0,5,0,4,1,2,0.530833,0.829583,0.10821300000000002,4575,4473.08
139,2,0,5,0,5,1,1,0.536667,0.719583,0.125013,4917,4773.96
140,2,0,5,0,6,0,1,0.6025,0.626667,0.12065,5805,5492.65
141,2,0,5,0,0,0,1,0.604167,0.749583,0.148008,4660,4627.59
142,2,0,5,0,1,1,2,0.631667,0.81,0.233842,4274,4222.43
143,2,0,5,0,2,1,2,0.66,0.740833,0.207092,4492,4409.07
144,2,0,5,0,3,1,1,0.660833,0.69625,0.15423299999999998,4978,4679.43
145,2,0,5,0,4,1,1,0.708333,0.6775,0.19964200000000001,4677,4598.66
146,2,0,5,0,5,1,1,0.681667,0.65375,0.240679,4679,4618.72
147,2,0,5,0,6,0,1,0.655833,0.729583,0.23009200000000002,4758,4744.44
148,2,0,5,0,0,0,1,0.6675,0.81875,0.21393800000000002,4788,4315.49
149,2,0,5,1,1,0,1,0.733333,0.685,0.131225,4098,4394.49
150,2,0,5,0,2,1,1,0.775,0.636667,0.111329,3982,4229.51
151,2,0,6,0,3,1,2,0.764167,0.677083,0.207092,3974,4100.36
152,2,0,6,0,4,1,1,0.715,0.305,0.29228699999999996,4968,5043.24
153,2,0,6,0,5,1,1,0.62,0.354167,0.253121,5312,5298.0
154,2,0,6,0,6,0,1,0.635,0.45625,0.123142,5342,5363.65
155,2,0,6,0,0,0,2,0.648333,0.6525,0.138692,4906,4759.81
156,2,0,6,0,1,1,1,0.678333,0.6,0.121896,4548,4643.2
157,2,0,6,0,2,1,1,0.7075,0.597917,0.187808,4833,4829.51
158,2,0,6,0,3,1,1,0.775833,0.6220829999999999,0.136817,4401,4429.07
159,2,0,6,0,4,1,2,0.808333,0.568333,0.149883,3915,3991.77
160,2,0,6,0,5,1,1,0.755,0.605,0.14055399999999998,4586,4593.88
161,2,0,6,0,6,0,1,0.725,0.654583,0.15485,4966,4930.02
162,2,0,6,0,0,0,1,0.6925,0.747917,0.16356700000000002,4460,4580.64
163,2,0,6,0,1,1,1,0.635,0.494583,0.30535,5020,4888.48
164,2,0,6,0,2,1,1,0.604167,0.507083,0.269283,4891,4925.03
165,2,0,6,0,3,1,1,0.626667,0.471667,0.16791199999999998,5180,5203.13
166,2,0,6,0,4,1,2,0.628333,0.688333,0.20647100000000002,3767,3983.41
167,2,0,6,0,5,1,1,0.649167,0.735833,0.143029,4844,4818.77
168,2,0,6,0,6,0,1,0.696667,0.670417,0.11940799999999999,5119,5124.6
169,2,0,6,0,0,0,2,0.699167,0.666667,0.102,4744,4803.81
170,2,0,6,0,1,1,2,0.635,0.74625,0.155475,4010,4214.0
171,3,0,6,0,2,1,2,0.680833,0.770417,0.171025,4835,4641.41
172,3,0,6,0,3,1,1,0.733333,0.7075,0.172262,4507,4501.23
173,3,0,6,0,4,1,2,0.728333,0.703333,0.238804,4790,4531.05
174,3,0,6,0,5,1,1,0.724167,0.573333,0.222025,4991,4901.12
175,3,0,6,0,6,0,1,0.695,0.483333,0.209571,5202,5253.53
176,3,0,6,0,0,0,1,0.68,0.513333,0.09453330000000001,5305,5163.32
177,3,0,6,0,1,1,2,0.6825,0.658333,0.10758800000000002,4708,4654.84
178,3,0,6,0,2,1,1,0.744167,0.634167,0.144283,4648,4599.71
179,3,0,6,0,3,1,1,0.728333,0.497917,0.261821,5225,5132.3
180,3,0,6,0,4,1,1,0.696667,0.434167,0.18531199999999998,5515,5352.15
181,3,0,7,0,5,1,1,0.7225,0.39625,0.10260799999999999,5362,5213.58
182,3,0,7,0,6,0,1,0.738333,0.444583,0.11506199999999998,5119,5129.14
183,3,0,7,0,0,0,2,0.716667,0.6825,0.228858,4649,4556.46
184,3,0,7,1,1,0,2,0.726667,0.637917,0.08147919999999999,6043,5594.51
185,3,0,7,0,2,1,1,0.746667,0.590417,0.12625799999999998,4665,4666.71
186,3,0,7,0,3,1,1,0.72,0.743333,0.149883,4629,4588.1
187,3,0,7,0,4,1,1,0.75,0.65125,0.1592,4592,4529.84
188,3,0,7,0,5,1,2,0.709167,0.757917,0.225129,4040,4089.88
189,3,0,7,0,6,0,1,0.733333,0.609167,0.16791199999999998,5336,5323.08
190,3,0,7,0,0,0,1,0.7475,0.578333,0.183471,4881,4710.08
191,3,0,7,0,1,1,1,0.7625,0.635833,0.282337,4086,4539.99
192,3,0,7,0,2,1,1,0.794167,0.559167,0.200254,4258,4350.26
193,3,0,7,0,3,1,1,0.746667,0.631667,0.14613299999999999,4342,4440.96
194,3,0,7,0,4,1,1,0.680833,0.47625,0.24066700000000002,5084,5172.41
195,3,0,7,0,5,1,1,0.663333,0.59125,0.182833,5538,5268.59
196,3,0,7,0,6,0,1,0.686667,0.585,0.208342,5923,5670.56
197,3,0,7,0,0,0,1,0.719167,0.604167,0.245033,5302,5199.47
198,3,0,7,0,1,1,1,0.746667,0.65125,0.215804,4458,4483.41
199,3,0,7,0,2,1,1,0.776667,0.650417,0.1306,4541,4482.55
200,3,0,7,0,3,1,1,0.768333,0.707083,0.113817,4332,4331.25
201,3,0,7,0,4,1,2,0.815,0.69125,0.222021,3784,3900.46
202,3,0,7,0,5,1,1,0.848333,0.580417,0.1331,3387,3565.6
203,3,0,7,0,6,0,1,0.849167,0.5,0.131221,3285,3652.55
204,3,0,7,0,0,0,1,0.83,0.550833,0.16917100000000002,3606,3686.69
205,3,0,7,0,1,1,1,0.743333,0.757083,0.09080830000000001,3840,4078.98
206,3,0,7,0,2,1,1,0.771667,0.540833,0.200258,4590,4519.18
207,3,0,7,0,3,1,1,0.775,0.402917,0.18346300000000001,4656,4684.68
208,3,0,7,0,4,1,1,0.779167,0.583333,0.178479,4390,4472.39
209,3,0,7,0,5,1,1,0.838333,0.5425,0.17413800000000001,3846,3782.61
210,3,0,7,0,6,0,1,0.804167,0.465833,0.168537,4475,4308.23
211,3,0,7,0,0,0,1,0.805833,0.480833,0.16481300000000002,4302,4177.75
212,3,0,8,0,1,1,1,0.771667,0.550833,0.156717,4266,4395.06
213,3,0,8,0,2,1,1,0.783333,0.49125,0.20585,4845,4814.15
214,3,0,8,0,3,1,2,0.731667,0.6575,0.13558299999999998,3574,4396.85
215,3,0,8,0,4,1,2,0.71,0.7575,0.19715,4576,4418.82
216,3,0,8,0,5,1,1,0.710833,0.630833,0.184696,4866,4762.36
217,3,0,8,0,6,0,2,0.716667,0.755,0.22825,4294,4335.98
218,3,0,8,0,0,0,1,0.7425,0.7529170000000001,0.201487,3785,4055.84
219,3,0,8,0,1,1,1,0.765,0.592083,0.192175,4326,4483.27
220,3,0,8,0,2,1,1,0.775,0.570417,0.151121,4602,4576.08
221,3,0,8,0,3,1,1,0.766667,0.424167,0.200258,4780,4758.45
222,3,0,8,0,4,1,1,0.7175,0.42375,0.164796,4792,4845.18
223,3,0,8,0,5,1,1,0.708333,0.415,0.125621,4905,4965.9
224,3,0,8,0,6,0,2,0.685833,0.729583,0.211454,4150,4286.29
225,3,0,8,0,0,0,2,0.676667,0.8175,0.222633,3820,3896.78
226,3,0,8,0,1,1,1,0.665833,0.712083,0.208954,4338,4298.26
227,3,0,8,0,2,1,1,0.700833,0.578333,0.23632899999999998,4725,4845.01
228,3,0,8,0,3,1,1,0.723333,0.575417,0.14366700000000002,4694,4733.64
229,3,0,8,0,4,1,1,0.711667,0.654583,0.233208,3805,4068.34
230,3,0,8,0,5,1,2,0.685,0.722917,0.139308,4153,4361.28
231,3,0,8,0,6,0,1,0.6975,0.674167,0.104467,5191,5132.7
232,3,0,8,0,0,0,1,0.710833,0.77,0.248754,3873,3997.15
233,3,0,8,0,1,1,1,0.691667,0.47,0.27675,4758,4819.13
234,3,0,8,0,2,1,1,0.640833,0.455417,0.146763,5895,5568.2
235,3,0,8,0,3,1,1,0.673333,0.605,0.253108,5130,4992.75
236,3,0,8,0,4,1,2,0.684167,0.771667,0.210833,3542,3774.42
237,3,0,8,0,5,1,1,0.7,0.76125,0.0839625,4661,4657.26
238,3,0,8,0,6,0,2,0.68,0.85,0.37561700000000003,1115,2265.06
239,3,0,8,0,0,0,1,0.707059,0.561765,0.304659,4334,4923.44
240,3,0,8,0,1,1,1,0.636667,0.554583,0.159825,4634,4711.36
241,3,0,8,0,2,1,1,0.639167,0.548333,0.12500799999999998,5204,5118.49
242,3,0,8,0,3,1,1,0.656667,0.597917,0.08333330000000001,5058,5073.68
243,3,0,9,0,4,1,1,0.655,0.639167,0.141796,5115,5002.28
244,3,0,9,0,5,1,2,0.643333,0.727083,0.139929,4727,4594.19
245,3,0,9,0,6,0,1,0.669167,0.716667,0.185325,4484,4719.39
246,3,0,9,0,0,0,1,0.709167,0.742083,0.206467,4940,4714.73
247,3,0,9,1,1,0,2,0.673333,0.790417,0.212696,3351,4200.03
248,3,0,9,0,2,1,3,0.54,0.886957,0.343943,2710,2543.93
249,3,0,9,0,3,1,3,0.599167,0.917083,0.0970208,1996,2229.3
250,3,0,9,0,4,1,3,0.6339130000000001,0.939565,0.192748,1842,2165.44
251,3,0,9,0,5,1,2,0.65,0.897917,0.12437899999999999,3544,4178.41
252,3,0,9,0,6,0,1,0.66,0.75375,0.153608,5345,5063.86
253,3,0,9,0,0,0,1,0.6533329999999999,0.71375,0.11505399999999999,5046,4972.94
254,3,0,9,0,1,1,1,0.6443479999999999,0.692174,0.088913,4713,4720.93
255,3,0,9,0,2,1,1,0.650833,0.7125,0.14180399999999999,4763,4774.36
256,3,0,9,0,3,1,1,0.673333,0.697083,0.1673,4785,4741.53
257,3,0,9,0,4,1,2,0.5775,0.709167,0.271146,3659,3876.63
258,3,0,9,0,5,1,2,0.469167,0.590417,0.164183,4760,4234.78
259,3,0,9,0,6,0,2,0.491667,0.718333,0.189675,4511,4362.96
260,3,0,9,0,0,0,1,0.5075,0.695,0.178483,4274,4432.82
261,3,0,9,0,1,1,2,0.549167,0.69,0.15174200000000002,4539,4472.1
262,3,0,9,0,2,1,2,0.561667,0.88125,0.134954,3641,4168.23
263,3,0,9,0,3,1,2,0.595,0.9,0.0964042,4352,4174.85
264,3,0,9,0,4,1,2,0.628333,0.902083,0.128125,4795,4324.79
265,4,0,9,0,5,1,2,0.609167,0.9725,0.0783667,2395,4406.76
266,4,0,9,0,6,0,2,0.606667,0.8625,0.0783833,5423,5030.47
267,4,0,9,0,0,0,2,0.634167,0.845,0.0503792,5010,5072.24
268,4,0,9,0,1,1,2,0.649167,0.848333,0.1107,4630,4508.13
269,4,0,9,0,2,1,2,0.636667,0.885417,0.118171,4120,4151.16
270,4,0,9,0,3,1,2,0.635,0.84875,0.14862899999999998,3907,4353.73
271,4,0,9,0,4,1,1,0.616667,0.699167,0.17288299999999998,4839,4787.09
272,4,0,9,0,5,1,1,0.564167,0.6475,0.206475,5202,4940.48
273,4,0,10,0,6,0,2,0.41,0.75375,0.292296,2429,2936.47
274,4,0,10,0,0,0,2,0.356667,0.791667,0.22201300000000002,2918,3087.87
275,4,0,10,0,1,1,2,0.384167,0.760833,0.08334580000000001,3570,3551.94
276,4,0,10,0,2,1,1,0.484167,0.71,0.205854,4456,4356.95
277,4,0,10,0,3,1,1,0.538333,0.647917,0.17725,4826,4568.73
278,4,0,10,0,4,1,1,0.494167,0.620833,0.134954,4765,4617.72
279,4,0,10,0,5,1,1,0.510833,0.684167,0.0223917,4985,4928.76
280,4,0,10,0,6,0,1,0.521667,0.70125,0.0454042,5409,5280.46
281,4,0,10,0,0,0,1,0.540833,0.7275,0.06345,5511,5286.94
282,4,0,10,1,1,0,1,0.570833,0.73375,0.0423042,5117,5038.15
283,4,0,10,0,2,1,2,0.566667,0.80875,0.143042,4563,4387.97
284,4,0,10,0,3,1,3,0.543333,0.90625,0.24815,2416,2452.85
285,4,0,10,0,4,1,2,0.589167,0.896667,0.141787,2913,3593.3
286,4,0,10,0,5,1,2,0.550833,0.71625,0.223883,3644,3871.59
287,4,0,10,0,6,0,1,0.506667,0.483333,0.258083,5217,5107.69
288,4,0,10,0,0,0,1,0.511667,0.486667,0.281717,5041,4929.68
289,4,0,10,0,1,1,1,0.5341670000000001,0.579583,0.175379,4570,4547.82
290,4,0,10,0,2,1,2,0.5325,0.701667,0.11008699999999999,4748,4381.77
291,4,0,10,0,3,1,3,0.5417390000000001,0.895217,0.243339,2424,2504.67
292,4,0,10,0,4,1,1,0.475833,0.63625,0.17880200000000002,4195,4301.1
293,4,0,10,0,5,1,1,0.4275,0.574167,0.221396,4304,4055.87
294,4,0,10,0,6,0,1,0.4225,0.629167,0.09266669999999999,4308,4157.57
295,4,0,10,0,0,0,1,0.421667,0.74125,0.0995125,4381,4065.79
296,4,0,10,0,1,1,1,0.463333,0.772083,0.11879200000000001,4187,3930.57
297,4,0,10,0,2,1,1,0.471667,0.622917,0.166658,4687,4422.75
298,4,0,10,0,3,1,2,0.484167,0.720417,0.148642,3894,4014.0
299,4,0,10,0,4,1,2,0.47,0.812917,0.19776300000000002,2659,3979.0
300,4,0,10,0,5,1,2,0.330833,0.585833,0.229479,3747,3415.1
301,4,0,10,0,6,0,3,0.25416700000000003,0.8825,0.351371,627,1201.65
302,4,0,10,0,0,0,1,0.31916700000000003,0.62375,0.176617,3331,3379.44
303,4,0,10,0,1,1,1,0.34,0.703333,0.10635,3669,3649.85
304,4,0,11,0,2,1,1,0.400833,0.68375,0.135571,4068,3852.96
305,4,0,11,0,3,1,1,0.3775,0.71875,0.08209169999999999,4186,3638.35
306,4,0,11,0,4,1,1,0.408333,0.702083,0.136817,3974,3756.73
307,4,0,11,0,5,1,2,0.403333,0.6225,0.271779,4046,3595.99
308,4,0,11,0,6,0,1,0.326667,0.519167,0.18906199999999998,3926,3729.64
309,4,0,11,0,0,0,1,0.348333,0.734583,0.09205419999999999,3649,3574.23
310,4,0,11,0,1,1,1,0.395,0.75875,0.057225,4035,3828.15
311,4,0,11,0,2,1,1,0.408333,0.7216670000000001,0.0690375,4205,3738.02
312,4,0,11,0,3,1,1,0.4,0.758333,0.06219580000000001,4109,3828.46
313,4,0,11,0,4,1,2,0.38,0.813333,0.189067,2933,3367.21
314,4,0,11,1,5,0,1,0.324167,0.44625,0.314675,3368,2918.15
315,4,0,11,0,6,0,1,0.356667,0.552917,0.212062,4067,3845.61
316,4,0,11,0,0,0,1,0.440833,0.458333,0.281721,3717,3612.4
317,4,0,11,0,1,1,1,0.53,0.587083,0.306596,4486,4500.92
318,4,0,11,0,2,1,2,0.53,0.68875,0.199633,4195,4166.6
319,4,0,11,0,3,1,3,0.456667,0.93,0.136829,1817,2082.17
320,4,0,11,0,4,1,2,0.341667,0.575833,0.30536199999999997,3053,3117.92
321,4,0,11,0,5,1,1,0.274167,0.41,0.168533,3392,3358.15
322,4,0,11,0,6,0,1,0.329167,0.502083,0.224496,3663,3623.62
323,4,0,11,0,0,0,2,0.463333,0.6845829999999999,0.18595,3520,3840.34
324,4,0,11,0,1,1,3,0.4475,0.91,0.138054,2765,2473.62
325,4,0,11,0,2,1,3,0.416667,0.9625,0.11879200000000001,1607,1589.14
326,4,0,11,0,3,1,2,0.440833,0.757917,0.335825,2566,2720.69
327,4,0,11,1,4,0,1,0.37333299999999997,0.549167,0.167304,1495,2201.12
328,4,0,11,0,5,1,1,0.375,0.64375,0.0988958,2792,3720.89
329,4,0,11,0,6,0,1,0.375833,0.681667,0.0684208,3068,3337.78
330,4,0,11,0,0,0,1,0.459167,0.698333,0.208954,3071,3836.47
331,4,0,11,0,1,1,1,0.503478,0.743043,0.142122,3867,3988.99
332,4,0,11,0,2,1,2,0.458333,0.830833,0.258092,2914,3095.86
333,4,0,11,0,3,1,1,0.325,0.613333,0.271158,3613,3573.07
334,4,0,12,0,4,1,1,0.3125,0.524583,0.220158,3727,3624.32
335,4,0,12,0,5,1,1,0.31416700000000003,0.625833,0.100754,3940,3801.41
336,4,0,12,0,6,0,1,0.299167,0.612917,0.0957833,3614,3633.98
337,4,0,12,0,0,0,1,0.330833,0.775833,0.08395830000000001,3485,3509.52
338,4,0,12,0,1,1,2,0.385833,0.827083,0.06220830000000001,3811,3578.66
339,4,0,12,0,2,1,3,0.4625,0.949583,0.23258299999999998,2594,2441.52
340,4,0,12,0,3,1,3,0.41,0.970417,0.266175,705,1011.73
341,4,0,12,0,4,1,1,0.265833,0.58,0.240058,3322,3350.84
342,4,0,12,0,5,1,1,0.290833,0.695833,0.08271669999999999,3620,3625.84
343,4,0,12,0,6,0,1,0.275,0.5075,0.233221,3190,3315.89
344,4,0,12,0,0,0,1,0.220833,0.49,0.0665417,2743,2784.99
345,4,0,12,0,1,1,1,0.238333,0.670833,0.06345,3310,3151.56
346,4,0,12,0,2,1,1,0.2825,0.59,0.14055,3523,3482.04
347,4,0,12,0,3,1,2,0.3175,0.66375,0.06095830000000001,3740,3512.78
348,4,0,12,0,4,1,2,0.4225,0.634167,0.268042,3709,3586.29
349,4,0,12,0,5,1,2,0.375,0.500417,0.260575,3577,3489.77
350,4,0,12,0,6,0,2,0.258333,0.560833,0.243167,2739,3176.14
351,4,0,12,0,0,0,1,0.238333,0.58625,0.16977899999999999,2431,2672.1
352,4,0,12,0,1,1,1,0.276667,0.6375,0.172896,3403,3438.73
353,4,0,12,0,2,1,2,0.385833,0.595417,0.06157080000000001,3750,3627.42
354,1,0,12,0,3,1,2,0.428333,0.858333,0.2214,2660,2686.68
355,1,0,12,0,4,1,2,0.423333,0.7575,0.047275,3068,2886.26
356,1,0,12,0,5,1,1,0.37333299999999997,0.68625,0.274246,2209,2206.62
357,1,0,12,0,6,0,1,0.3025,0.5425,0.190304,1011,2145.96
358,1,0,12,0,0,0,1,0.274783,0.681304,0.155091,754,2069.03
359,1,0,12,1,1,0,1,0.321739,0.506957,0.239465,1317,1569.32
360,1,0,12,0,2,1,2,0.325,0.7625,0.18845,1162,1533.13
361,1,0,12,0,3,1,1,0.29913,0.503913,0.29396100000000003,2302,2153.26
362,1,0,12,0,4,1,1,0.248333,0.574167,0.11941199999999999,2423,2212.33
363,1,0,12,0,5,1,1,0.311667,0.636667,0.13433699999999998,2999,2664.96
364,1,0,12,0,6,0,1,0.41,0.615833,0.220154,2485,2426.82
365,1,1,1,0,0,0,1,0.37,0.6925,0.192167,2294,2852.9
366,1,1,1,1,1,0,1,0.273043,0.381304,0.329665,1951,2849.23
367,1,1,1,0,2,1,1,0.15,0.44125,0.365671,2236,2430.55
368,1,1,1,0,3,1,2,0.1075,0.414583,0.1847,2368,2555.08
369,1,1,1,0,4,1,1,0.265833,0.524167,0.129987,3272,3346.8
370,1,1,1,0,5,1,1,0.334167,0.542083,0.167908,4098,4124.5
371,1,1,1,0,6,0,1,0.393333,0.531667,0.174758,4521,4394.72
372,1,1,1,0,0,0,1,0.3375,0.465,0.19154200000000002,3425,3841.83
373,1,1,1,0,1,1,2,0.224167,0.701667,0.0989,2376,2316.47
374,1,1,1,0,2,1,1,0.308696,0.646522,0.187552,3598,3963.75
375,1,1,1,0,3,1,2,0.274167,0.8475,0.131221,2177,2349.9
376,1,1,1,0,4,1,2,0.3825,0.802917,0.18096700000000002,4097,3750.22
377,1,1,1,0,5,1,1,0.274167,0.5075,0.378108,3214,3200.47
378,1,1,1,0,6,0,1,0.18,0.4575,0.187183,2493,2412.48
379,1,1,1,0,0,0,1,0.166667,0.419167,0.251258,2311,2263.91
380,1,1,1,1,1,0,1,0.19,0.5225,0.23135799999999998,2298,2442.12
381,1,1,1,0,2,1,2,0.37304299999999996,0.716087,0.34913,2935,3065.54
382,1,1,1,0,3,1,1,0.303333,0.443333,0.17880200000000002,3376,3683.95
383,1,1,1,0,4,1,1,0.19,0.4975,0.220158,3292,3036.14
384,1,1,1,0,5,1,2,0.2175,0.45,0.20275,3163,2925.09
385,1,1,1,0,6,0,2,0.173333,0.83125,0.222642,1301,1542.33
386,1,1,1,0,0,0,2,0.1625,0.79625,0.199638,1977,1767.85
387,1,1,1,0,1,1,2,0.218333,0.91125,0.11070799999999999,2432,1801.63
388,1,1,1,0,2,1,1,0.3425,0.835833,0.123767,4339,3635.04
389,1,1,1,0,3,1,1,0.294167,0.64375,0.161071,4270,3965.18
390,1,1,1,0,4,1,2,0.341667,0.769583,0.07339580000000001,4075,3830.6
391,1,1,1,0,5,1,2,0.425,0.74125,0.342667,3456,3636.21
392,1,1,1,0,6,0,1,0.315833,0.543333,0.210829,4023,4033.15
393,1,1,1,0,0,0,1,0.2825,0.31125,0.24005,3243,3292.43
394,1,1,1,0,1,1,1,0.269167,0.400833,0.215792,3624,3457.25
395,1,1,1,0,2,1,1,0.39,0.416667,0.261817,4509,4435.87
396,1,1,2,0,3,1,1,0.469167,0.507917,0.189067,4579,4943.16
397,1,1,2,0,4,1,2,0.399167,0.672917,0.187187,3761,3786.3
398,1,1,2,0,5,1,1,0.313333,0.526667,0.17849600000000002,4151,4046.66
399,1,1,2,0,6,0,2,0.264167,0.779583,0.121896,2832,2401.84
400,1,1,2,0,0,0,2,0.265833,0.687917,0.175996,2947,2551.3
401,1,1,2,0,1,1,1,0.282609,0.622174,0.1538,3784,3769.98
402,1,1,2,0,2,1,1,0.354167,0.49625,0.147379,4375,4118.21
403,1,1,2,0,3,1,2,0.25666700000000003,0.722917,0.133721,2802,2659.01
404,1,1,2,0,4,1,1,0.265,0.562083,0.194037,3830,3612.87
405,1,1,2,0,5,1,2,0.280833,0.54,0.11692899999999999,3831,3671.69
406,1,1,2,0,6,0,3,0.224167,0.73125,0.289796,2169,2028.24
407,1,1,2,0,0,0,1,0.1275,0.46458299999999997,0.17880200000000002,1529,1864.06
408,1,1,2,0,1,1,1,0.2225,0.41125,0.167283,3422,2668.37
409,1,1,2,0,2,1,2,0.31916700000000003,0.50875,0.141179,3922,3889.72
410,1,1,2,0,3,1,1,0.348333,0.53125,0.1816,4169,4195.32
411,1,1,2,0,4,1,2,0.31666700000000003,0.7529170000000001,0.091425,3005,3185.28
412,1,1,2,0,5,1,1,0.343333,0.634583,0.205846,4154,4075.42
413,1,1,2,0,6,0,1,0.346667,0.534583,0.190929,4318,4258.14
414,1,1,2,0,0,0,2,0.28,0.515833,0.253112,2689,2932.66
415,1,1,2,1,1,0,1,0.28,0.507826,0.22908299999999998,3129,3093.9
416,1,1,2,0,2,1,1,0.287826,0.594348,0.205717,3777,3792.15
417,1,1,2,0,3,1,1,0.395833,0.567917,0.234471,4773,4545.59
418,1,1,2,0,4,1,1,0.454167,0.554583,0.190913,5062,5102.36
419,1,1,2,0,5,1,2,0.4075,0.7375,0.237567,3487,3431.05
420,1,1,2,0,6,0,1,0.290833,0.395833,0.17880200000000002,2732,3104.8
421,1,1,2,0,0,0,1,0.279167,0.41,0.205229,3389,3162.17
422,1,1,2,0,1,1,1,0.366667,0.490833,0.26803299999999997,4322,4381.15
423,1,1,2,0,2,1,1,0.359167,0.395833,0.193417,4363,4191.96
424,1,1,2,0,3,1,2,0.344348,0.804783,0.179117,1834,2569.74
425,1,1,3,0,4,1,1,0.485833,0.615417,0.226987,4990,5194.1
426,1,1,3,0,5,1,2,0.353333,0.657083,0.144904,3194,3547.54
427,1,1,3,0,6,0,2,0.414167,0.62125,0.161079,4066,4165.47
428,1,1,3,0,0,0,1,0.325833,0.403333,0.334571,3423,4046.72
429,1,1,3,0,1,1,1,0.243333,0.50625,0.228858,3333,2931.54
430,1,1,3,0,2,1,1,0.258333,0.456667,0.200875,3956,3200.09
431,1,1,3,0,3,1,1,0.404167,0.513333,0.345779,4916,4632.15
432,1,1,3,0,4,1,1,0.5275,0.5675,0.17880200000000002,5382,6130.33
433,1,1,3,0,5,1,2,0.410833,0.407083,0.17880200000000002,4569,4335.17
434,1,1,3,0,6,0,1,0.2875,0.35041700000000003,0.22575,4118,3649.59
435,1,1,3,0,0,0,1,0.361739,0.47695699999999996,0.22258699999999998,4911,4476.52
436,1,1,3,0,1,1,1,0.466667,0.489167,0.207713,5298,5259.65
437,1,1,3,0,2,1,1,0.565,0.6175,0.23695,5847,5993.79
438,1,1,3,0,3,1,1,0.5725,0.507083,0.11506199999999998,6312,6684.1
439,1,1,3,0,4,1,1,0.5575,0.579583,0.149883,6192,6224.57
440,1,1,3,0,5,1,2,0.43583299999999997,0.842083,0.113192,4378,4454.22
441,1,1,3,0,6,0,2,0.514167,0.755833,0.110704,7836,6301.24
442,1,1,3,0,0,0,2,0.4725,0.81,0.126883,5892,5934.7
443,1,1,3,0,1,1,1,0.545,0.72875,0.16231700000000002,6153,6163.86
444,1,1,3,0,2,1,1,0.560833,0.807917,0.121271,6093,5996.5
445,2,1,3,0,3,1,2,0.531667,0.82125,0.08955830000000001,6230,5424.13
446,2,1,3,0,4,1,1,0.554167,0.83125,0.11756199999999999,6871,5625.84
447,2,1,3,0,5,1,2,0.601667,0.694167,0.1163,8362,7822.46
448,2,1,3,0,6,0,2,0.5025,0.885417,0.19278299999999998,3372,4104.7
449,2,1,3,0,0,0,2,0.4375,0.880833,0.220775,4996,4521.31
450,2,1,3,0,1,1,1,0.445833,0.477917,0.17880200000000002,5558,6521.76
451,2,1,3,0,2,1,1,0.323333,0.29,0.187192,5102,5142.26
452,2,1,3,0,3,1,1,0.484167,0.48125,0.291671,5698,6154.94
453,2,1,3,0,4,1,1,0.494167,0.43916700000000003,0.31965,6133,6199.41
454,2,1,3,0,5,1,2,0.37,0.580833,0.138067,5459,5102.01
455,2,1,3,0,6,0,2,0.424167,0.738333,0.25061700000000003,6235,5657.36
456,2,1,4,0,0,0,2,0.425833,0.67625,0.172267,6041,5962.66
457,2,1,4,0,1,1,1,0.433913,0.5043479999999999,0.312139,5936,5950.71
458,2,1,4,0,2,1,1,0.466667,0.396667,0.100133,6772,6703.66
459,2,1,4,0,3,1,1,0.541667,0.469583,0.180975,6436,6593.11
460,2,1,4,0,4,1,1,0.435,0.374167,0.219529,6457,6446.55
461,2,1,4,0,5,1,1,0.403333,0.377083,0.300388,6460,5964.0
462,2,1,4,0,6,0,1,0.4375,0.25416700000000003,0.274871,6857,6000.24
463,2,1,4,0,0,0,1,0.5,0.275833,0.232596,5169,5581.92
464,2,1,4,0,1,1,1,0.489167,0.3175,0.358196,5585,5675.85
465,2,1,4,0,2,1,1,0.446667,0.435,0.249375,5918,6161.2
466,2,1,4,0,3,1,1,0.348696,0.46956499999999995,0.295274,4862,4984.32
467,2,1,4,0,4,1,1,0.3975,0.46625,0.290429,5409,5429.47
468,2,1,4,0,5,1,1,0.4425,0.408333,0.155471,6398,6420.09
469,2,1,4,0,6,0,1,0.495,0.5029170000000001,0.190917,7460,6115.75
470,2,1,4,0,0,0,1,0.606667,0.507917,0.225129,7132,6564.07
471,2,1,4,1,1,0,1,0.664167,0.561667,0.284829,6370,6461.28
472,2,1,4,0,2,1,1,0.608333,0.390417,0.273629,6691,6665.76
473,2,1,4,0,3,1,2,0.463333,0.569167,0.16791199999999998,4367,5970.41
474,2,1,4,0,4,1,1,0.49833299999999997,0.6125,0.0659292,6565,6660.43
475,2,1,4,0,5,1,1,0.526667,0.694583,0.149871,7290,6704.72
476,2,1,4,0,6,0,1,0.57,0.682917,0.283587,6624,6567.12
477,2,1,4,0,0,0,3,0.396667,0.835417,0.344546,1027,1847.35
478,2,1,4,0,1,1,2,0.321667,0.766667,0.303496,3214,3487.37
479,2,1,4,0,2,1,1,0.413333,0.454167,0.249383,5633,5654.28
480,2,1,4,0,3,1,1,0.476667,0.427917,0.11879200000000001,6196,6645.22
481,2,1,4,0,4,1,2,0.49833299999999997,0.756667,0.176625,5026,5699.48
482,2,1,4,0,5,1,1,0.4575,0.400833,0.34763299999999997,6233,6178.32
483,2,1,4,0,6,0,2,0.37666700000000003,0.489583,0.129975,4220,4561.67
484,2,1,4,0,0,0,1,0.458333,0.587083,0.116908,6304,6622.27
485,2,1,4,0,1,1,2,0.464167,0.57,0.171638,5572,5760.56
486,2,1,5,0,2,1,2,0.613333,0.659583,0.156096,5740,6073.21
487,2,1,5,0,3,1,1,0.564167,0.797083,0.138058,6169,5920.65
488,2,1,5,0,4,1,2,0.56,0.768333,0.133696,6421,6196.12
489,2,1,5,0,5,1,1,0.6275,0.735417,0.162938,6296,6796.57
490,2,1,5,0,6,0,2,0.621667,0.756667,0.15299200000000002,6883,6289.3
491,2,1,5,0,0,0,2,0.5625,0.74,0.14987899999999998,6359,6405.98
492,2,1,5,0,1,1,2,0.5375,0.664167,0.230721,6273,6270.12
493,2,1,5,0,2,1,2,0.581667,0.685833,0.296029,5728,5775.77
494,2,1,5,0,3,1,2,0.575,0.744167,0.216412,4717,5374.63
495,2,1,5,0,4,1,1,0.505833,0.552083,0.31406300000000004,6572,6244.95
496,2,1,5,0,5,1,1,0.533333,0.360417,0.23693699999999998,7030,7053.9
497,2,1,5,0,6,0,1,0.564167,0.480417,0.12313299999999999,7429,7338.35
498,2,1,5,0,0,0,1,0.6125,0.57625,0.225117,6118,7073.53
499,2,1,5,0,1,1,2,0.573333,0.789583,0.21269200000000002,2843,3743.92
500,2,1,5,0,2,1,2,0.611667,0.794583,0.147392,5115,5319.82
501,2,1,5,0,3,1,1,0.636667,0.697917,0.122512,7424,7230.48
502,2,1,5,0,4,1,1,0.593333,0.52,0.229475,7384,7196.49
503,2,1,5,0,5,1,1,0.564167,0.523333,0.136817,7639,7439.41
504,2,1,5,0,6,0,1,0.6,0.45625,0.083975,8294,7460.62
505,2,1,5,0,0,0,1,0.620833,0.530417,0.254367,7129,7082.06
506,2,1,5,0,1,1,2,0.598333,0.81125,0.233204,4359,4196.54
507,2,1,5,0,2,1,2,0.615,0.765833,0.11816700000000001,6073,5937.31
508,2,1,5,0,3,1,2,0.621667,0.774583,0.102,5260,5393.72
509,2,1,5,0,4,1,1,0.655,0.716667,0.172896,6770,6810.91
510,2,1,5,0,5,1,1,0.68,0.7470829999999999,0.14055,6734,6674.4
511,2,1,5,0,6,0,1,0.6925,0.7325,0.198992,6536,6578.11
512,2,1,5,0,0,0,1,0.69,0.697083,0.215171,6591,6599.01
513,2,1,5,1,1,0,1,0.7125,0.67625,0.196521,6043,6233.1
514,2,1,5,0,2,1,1,0.7225,0.6845829999999999,0.2954,5743,5867.68
515,2,1,5,0,3,1,2,0.656667,0.67,0.134329,6855,6795.26
516,2,1,5,0,4,1,1,0.68,0.492917,0.195279,7338,7245.22
517,2,1,6,0,5,1,2,0.654167,0.755417,0.23756300000000002,4127,4770.74
518,2,1,6,0,6,0,1,0.583333,0.549167,0.18656199999999998,8120,7672.79
519,2,1,6,0,0,0,1,0.6025,0.49333299999999997,0.184087,7641,7164.96
520,2,1,6,0,1,1,1,0.5975,0.487083,0.284833,6998,6954.51
521,2,1,6,0,2,1,2,0.540833,0.613333,0.209575,7001,6896.79
522,2,1,6,0,3,1,1,0.554167,0.61125,0.077125,7055,7373.77
523,2,1,6,0,4,1,1,0.6025,0.567083,0.15735,7494,7286.91
524,2,1,6,0,5,1,1,0.649167,0.467917,0.17538299999999998,7736,7427.77
525,2,1,6,0,6,0,1,0.710833,0.437083,0.144287,7498,7201.85
526,2,1,6,0,0,0,1,0.726667,0.538333,0.133721,6598,6711.74
527,2,1,6,0,1,1,2,0.720833,0.587917,0.207713,6664,6717.02
528,2,1,6,0,2,1,2,0.6533329999999999,0.833333,0.21454600000000001,4972,4803.09
529,2,1,6,0,3,1,1,0.655833,0.582083,0.343279,7421,7163.73
530,2,1,6,0,4,1,1,0.648333,0.569583,0.253733,7363,7322.11
531,2,1,6,0,5,1,1,0.639167,0.589583,0.176617,7665,7520.87
532,2,1,6,0,6,0,1,0.631667,0.504167,0.166667,7702,7482.96
533,2,1,6,0,0,0,1,0.5925,0.59875,0.144904,6978,7125.2
534,2,1,6,0,1,1,2,0.568333,0.777917,0.174746,5099,5040.92
535,2,1,6,0,2,1,1,0.688333,0.69,0.148017,6825,6795.4
536,2,1,6,0,3,1,1,0.7825,0.592083,0.11381199999999998,6211,6681.56
537,3,1,6,0,4,1,1,0.805833,0.567917,0.11878699999999999,5905,6248.03
538,3,1,6,0,5,1,1,0.7775,0.57375,0.182842,5823,6153.19
539,3,1,6,0,6,0,1,0.731667,0.534583,0.179721,7458,6907.33
540,3,1,6,0,0,0,1,0.743333,0.479167,0.145525,6891,6837.92
541,3,1,6,0,1,1,1,0.7158329999999999,0.504167,0.300383,6779,6778.91
542,3,1,6,0,2,1,1,0.630833,0.37333299999999997,0.347642,7442,7188.46
543,3,1,6,0,3,1,1,0.6975,0.36,0.271775,7335,7372.77
544,3,1,6,0,4,1,1,0.749167,0.4225,0.17165,6879,6960.43
545,3,1,6,0,5,1,1,0.834167,0.48875,0.165417,5463,5691.86
546,3,1,6,0,6,0,1,0.765,0.60125,0.161071,5687,6075.96
547,3,1,7,0,0,0,1,0.815833,0.51875,0.16852899999999998,5531,5685.65
548,3,1,7,0,1,1,1,0.781667,0.447083,0.195267,6227,6425.94
549,3,1,7,0,2,1,1,0.780833,0.492083,0.126237,6660,6713.13
550,3,1,7,1,3,0,1,0.789167,0.53875,0.13495,7403,7000.55
551,3,1,7,0,4,1,1,0.8275,0.457917,0.194029,6241,5918.18
552,3,1,7,0,5,1,1,0.828333,0.450833,0.146142,6207,5946.51
553,3,1,7,0,6,0,1,0.861667,0.492083,0.163554,4840,5160.85
554,3,1,7,0,0,0,1,0.8225,0.57375,0.125629,4672,5228.03
555,3,1,7,0,1,1,2,0.710833,0.683333,0.180975,6569,6571.35
556,3,1,7,0,2,1,2,0.720833,0.6675,0.15173699999999998,6290,6508.73
557,3,1,7,0,3,1,1,0.716667,0.633333,0.15173299999999998,7264,7380.88
558,3,1,7,0,4,1,1,0.7158329999999999,0.529583,0.146775,7446,7429.17
559,3,1,7,0,5,1,2,0.731667,0.485833,0.08085,7499,7262.93
560,3,1,7,0,6,0,2,0.703333,0.699167,0.143679,6969,6886.71
561,3,1,7,0,0,0,1,0.745833,0.717917,0.166667,6031,6824.08
562,3,1,7,0,1,1,1,0.763333,0.645,0.164187,6830,6913.89
563,3,1,7,0,2,1,1,0.818333,0.505833,0.114429,6786,6642.89
564,3,1,7,0,3,1,1,0.793333,0.577083,0.137442,5713,7081.49
565,3,1,7,0,4,1,1,0.77,0.600417,0.165429,6591,6649.24
566,3,1,7,0,5,1,2,0.665833,0.844167,0.208967,5870,5468.16
567,3,1,7,0,6,0,3,0.595833,0.865417,0.2133,4459,4338.48
568,3,1,7,0,0,0,2,0.6675,0.7625,0.09392080000000001,7410,6833.83
569,3,1,7,0,1,1,1,0.741667,0.694167,0.138683,6966,6959.87
570,3,1,7,0,2,1,1,0.750833,0.655,0.211454,7592,7262.47
571,3,1,7,0,3,1,1,0.724167,0.45,0.1648,8173,7797.25
572,3,1,7,0,4,1,1,0.776667,0.5966670000000001,0.28481300000000004,6861,6698.87
573,3,1,7,0,5,1,1,0.781667,0.594583,0.15299200000000002,6904,6770.52
574,3,1,7,0,6,0,1,0.755833,0.613333,0.15735,6685,6798.25
575,3,1,7,0,0,0,1,0.7216670000000001,0.62375,0.170396,6597,6679.11
576,3,1,7,0,1,1,1,0.730833,0.66875,0.153617,7105,6900.25
577,3,1,7,0,2,1,1,0.713333,0.704167,0.165425,7216,7088.27
578,3,1,8,0,3,1,1,0.7175,0.6775,0.141179,7580,7444.96
579,3,1,8,0,4,1,1,0.7525,0.659583,0.129354,7261,7208.31
580,3,1,8,0,5,1,2,0.765833,0.6425,0.215792,7175,6891.16
581,3,1,8,0,6,0,1,0.793333,0.613333,0.257458,6824,6506.78
582,3,1,8,0,0,0,1,0.769167,0.6525,0.290421,5464,5896.4
583,3,1,8,0,1,1,2,0.7525,0.654167,0.129354,7013,6927.4
584,3,1,8,0,2,1,2,0.735833,0.70375,0.116908,7273,7124.68
585,3,1,8,0,3,1,2,0.75,0.672917,0.1107,7534,7190.33
586,3,1,8,0,4,1,1,0.755833,0.620417,0.1561,7286,7196.51
587,3,1,8,0,5,1,2,0.7158329999999999,0.7158329999999999,0.238813,5786,6172.6
588,3,1,8,0,6,0,2,0.6925,0.732917,0.206479,6299,6486.14
589,3,1,8,0,0,0,1,0.700833,0.530417,0.122512,6544,7206.51
590,3,1,8,0,1,1,1,0.720833,0.545417,0.136212,6883,6986.64
591,3,1,8,0,2,1,1,0.726667,0.686667,0.169158,6784,6856.2
592,3,1,8,0,3,1,1,0.706667,0.619583,0.169771,7347,7384.43
593,3,1,8,0,4,1,1,0.719167,0.519167,0.141796,7605,7511.73
594,3,1,8,0,5,1,1,0.723333,0.570833,0.231354,7148,7195.65
595,3,1,8,0,6,0,1,0.678333,0.603333,0.177867,7865,7301.77
596,3,1,8,0,0,0,2,0.635833,0.711667,0.08645,4549,7142.07
597,3,1,8,0,1,1,2,0.635833,0.734167,0.12997899999999998,6530,6708.93
598,3,1,8,0,2,1,1,0.649167,0.67375,0.07277080000000001,7006,7476.86
599,3,1,8,0,3,1,1,0.6675,0.677083,0.0702833,7375,7436.95
600,3,1,8,0,4,1,1,0.695833,0.635833,0.08459580000000001,7765,7694.38
601,3,1,8,0,5,1,2,0.7025,0.615,0.07214580000000001,7582,7573.86
602,3,1,8,0,6,0,2,0.661667,0.712917,0.244408,6053,6280.96
603,3,1,8,0,0,0,2,0.6533329999999999,0.845833,0.228858,5255,4666.52
604,3,1,8,0,1,1,1,0.703333,0.730417,0.128733,6917,6937.48
605,3,1,8,0,2,1,1,0.728333,0.62,0.190925,7040,7115.11
606,3,1,8,0,3,1,1,0.685,0.552083,0.112562,7697,7608.08
607,3,1,8,0,4,1,1,0.706667,0.590417,0.0771167,7713,7641.33
608,3,1,8,0,5,1,1,0.764167,0.5875,0.168533,7350,7180.04
609,3,1,9,0,6,0,2,0.753333,0.638333,0.113187,6140,6588.99
610,3,1,9,0,0,0,2,0.696667,0.815,0.06407080000000001,5810,5577.52
611,3,1,9,1,1,0,1,0.7075,0.790833,0.151121,6034,5953.27
612,3,1,9,0,2,1,1,0.725833,0.755,0.236321,6864,6541.18
613,3,1,9,0,3,1,1,0.736667,0.74125,0.187808,7112,7027.03
614,3,1,9,0,4,1,2,0.696667,0.810417,0.142421,6203,6192.49
615,3,1,9,0,5,1,1,0.703333,0.73625,0.171646,7504,7348.5
616,3,1,9,0,6,0,2,0.6591670000000001,0.799167,0.281104,5976,5599.47
617,3,1,9,0,0,0,1,0.61,0.5475,0.224496,8227,7996.03
618,3,1,9,0,1,1,1,0.583333,0.50375,0.258713,7525,7490.14
619,3,1,9,0,2,1,1,0.5775,0.52,0.09205419999999999,7767,7670.74
620,3,1,9,0,3,1,1,0.599167,0.577083,0.131846,7870,7787.34
621,3,1,9,0,4,1,1,0.6125,0.637083,0.08272080000000001,7804,7753.8
622,3,1,9,0,5,1,1,0.633333,0.6725,0.10386300000000001,8009,7895.42
623,3,1,9,0,6,0,1,0.608333,0.501667,0.247521,8714,7991.26
624,3,1,9,0,0,0,1,0.58,0.57,0.09018330000000001,7333,7522.73
625,3,1,9,0,1,1,2,0.580833,0.734583,0.15174200000000002,6869,6833.94
626,3,1,9,0,2,1,2,0.623333,0.8725,0.357587,4073,4093.68
627,3,1,9,0,3,1,1,0.5525,0.536667,0.215175,7591,7601.1
628,3,1,9,0,4,1,1,0.546667,0.618333,0.11816700000000001,7720,7694.19
629,3,1,9,0,5,1,1,0.599167,0.66875,0.154229,8167,7554.94
630,3,1,9,0,6,0,1,0.65,0.646667,0.283583,8395,7977.62
631,4,1,9,0,0,0,1,0.529167,0.46708299999999997,0.22325799999999998,7907,7871.91
632,4,1,9,0,1,1,1,0.514167,0.492917,0.142404,7436,7404.86
633,4,1,9,0,2,1,1,0.55,0.57,0.236321,7538,7667.55
634,4,1,9,0,3,1,1,0.635,0.630833,0.2444,7733,7688.76
635,4,1,9,0,4,1,2,0.65,0.690833,0.13434200000000002,7393,7267.9
636,4,1,9,0,5,1,2,0.619167,0.69,0.164179,7415,7141.07
637,4,1,9,0,6,0,1,0.5425,0.542917,0.227604,8555,7952.09
638,4,1,9,0,0,0,1,0.526667,0.583333,0.134958,6889,7593.33
639,4,1,10,0,1,1,2,0.520833,0.649167,0.09080419999999999,6778,7189.72
640,4,1,10,0,2,1,3,0.5908329999999999,0.871667,0.104475,4639,4840.13
641,4,1,10,0,3,1,2,0.6575,0.79375,0.0665458,7572,6156.82
642,4,1,10,0,4,1,2,0.6575,0.722917,0.117546,7328,7286.46
643,4,1,10,0,5,1,1,0.615,0.6275,0.10635,8156,7946.13
644,4,1,10,0,6,0,1,0.554167,0.664167,0.268025,7965,7065.36
645,4,1,10,0,0,0,2,0.415833,0.708333,0.14116199999999998,3510,4104.72
646,4,1,10,1,1,0,2,0.383333,0.709583,0.189679,5478,4493.19
647,4,1,10,0,2,1,2,0.446667,0.761667,0.1903,6392,5518.42
648,4,1,10,0,3,1,1,0.514167,0.630833,0.18782100000000002,7691,7468.86
649,4,1,10,0,4,1,1,0.435,0.463333,0.181596,7570,7210.61
650,4,1,10,0,5,1,1,0.4375,0.539167,0.235092,7282,6951.46
651,4,1,10,0,6,0,1,0.393333,0.494583,0.146142,7109,4702.83
652,4,1,10,0,0,0,1,0.521667,0.640417,0.27861199999999997,6639,6855.34
653,4,1,10,0,1,1,2,0.561667,0.7075,0.296037,5875,6072.49
654,4,1,10,0,2,1,1,0.468333,0.558333,0.182221,7534,7149.04
655,4,1,10,0,3,1,1,0.455833,0.692917,0.101371,7461,7282.78
656,4,1,10,0,4,1,2,0.5225,0.728333,0.23693699999999998,7509,6942.6
657,4,1,10,0,5,1,2,0.563333,0.815,0.134954,5424,5601.45
658,4,1,10,0,6,0,1,0.484167,0.572917,0.11753699999999999,8090,7088.73
659,4,1,10,0,0,0,1,0.464167,0.51,0.166054,6824,6730.08
660,4,1,10,0,1,1,1,0.4875,0.568333,0.08148330000000001,7058,7036.87
661,4,1,10,0,2,1,1,0.544167,0.641667,0.09454580000000001,7466,7530.2
662,4,1,10,0,3,1,1,0.5875,0.63625,0.07277919999999999,7693,7656.42
663,4,1,10,0,4,1,2,0.55,0.800417,0.124375,7359,7027.52
664,4,1,10,0,5,1,2,0.545833,0.807083,0.132467,7444,6902.12
665,4,1,10,0,6,0,2,0.53,0.72,0.235692,7852,7382.86
666,4,1,10,0,0,0,2,0.4775,0.694583,0.17880200000000002,4459,5586.72
667,4,1,10,0,1,1,3,0.44,0.88,0.3582,22,1423.62
668,4,1,10,0,2,1,2,0.318182,0.8254549999999999,0.213009,1096,2331.15
669,4,1,10,0,3,1,2,0.3575,0.666667,0.166667,5566,4708.01
670,4,1,11,0,4,1,2,0.365833,0.581667,0.157346,5986,5044.07
671,4,1,11,0,5,1,1,0.355,0.522083,0.266175,5847,5477.21
672,4,1,11,0,6,0,2,0.343333,0.49125,0.270529,5138,4774.64
673,4,1,11,0,0,0,1,0.325833,0.532917,0.179108,5107,4920.21
674,4,1,11,0,1,1,1,0.31916700000000003,0.494167,0.236325,5259,5240.86
675,4,1,11,0,2,1,1,0.280833,0.567083,0.173513,5686,5406.46
676,4,1,11,0,3,1,2,0.295833,0.5475,0.304108,5035,5036.52
677,4,1,11,0,4,1,1,0.352174,0.333478,0.347835,5315,5171.79
678,4,1,11,0,5,1,1,0.361667,0.540833,0.214558,5992,5527.15
679,4,1,11,0,6,0,1,0.389167,0.645417,0.05784580000000001,6536,4788.3
680,4,1,11,0,0,0,1,0.420833,0.6591670000000001,0.1275,6852,6125.37
681,4,1,11,1,1,0,1,0.485,0.741667,0.173517,6269,6169.5
682,4,1,11,0,2,1,2,0.343333,0.662917,0.342046,4094,4446.81
683,4,1,11,0,3,1,1,0.289167,0.552083,0.199625,5495,5246.48
684,4,1,11,0,4,1,2,0.321667,0.620417,0.15298699999999998,5445,5198.69
685,4,1,11,0,5,1,1,0.345,0.524583,0.171025,5698,5293.97
686,4,1,11,0,6,0,1,0.325,0.545417,0.179729,5629,4908.16
687,4,1,11,0,0,0,1,0.3425,0.692917,0.22761199999999998,4669,4392.3
688,4,1,11,0,1,1,2,0.380833,0.623333,0.235067,5499,5371.18
689,4,1,11,0,2,1,2,0.374167,0.685,0.082725,5634,5115.98
690,4,1,11,0,3,1,1,0.353333,0.61375,0.103246,5146,5197.92
691,4,1,11,1,4,0,1,0.34,0.580417,0.05287080000000001,2425,3504.8
692,4,1,11,0,5,1,1,0.36833299999999997,0.56875,0.148021,3910,4614.87
693,4,1,11,0,6,0,1,0.278333,0.40458299999999997,0.376871,2277,3145.86
694,4,1,11,0,0,0,1,0.245833,0.468333,0.1505,2424,3147.39
695,4,1,11,0,1,1,1,0.313333,0.535417,0.04665,5087,4933.69
696,4,1,11,0,2,1,2,0.291667,0.786667,0.237562,3959,3745.16
697,4,1,11,0,3,1,1,0.296667,0.50625,0.210821,5260,5254.08
698,4,1,11,0,4,1,1,0.28087,0.555652,0.115522,5323,5270.72
699,4,1,11,0,5,1,1,0.298333,0.649583,0.05847080000000001,5668,5428.58
700,4,1,12,0,6,0,2,0.298333,0.806667,0.05970419999999999,5191,4550.05
701,4,1,12,0,0,0,2,0.3475,0.823333,0.12437899999999999,4649,3546.14
702,4,1,12,0,1,1,1,0.4525,0.7675,0.08272080000000001,6234,6283.52
703,4,1,12,0,2,1,1,0.475833,0.73375,0.174129,6606,6597.25
704,4,1,12,0,3,1,1,0.438333,0.485,0.324021,5729,6159.39
705,4,1,12,0,4,1,1,0.255833,0.50875,0.174754,5375,4591.97
706,4,1,12,0,5,1,2,0.320833,0.764167,0.1306,5008,4637.9
707,4,1,12,0,6,0,2,0.38166700000000003,0.91125,0.101379,5582,4071.03
708,4,1,12,0,0,0,2,0.384167,0.905417,0.157975,3228,3372.74
709,4,1,12,0,1,1,2,0.43583299999999997,0.925,0.190308,5170,4780.06
710,4,1,12,0,2,1,2,0.353333,0.5966670000000001,0.296037,5501,5358.53
711,4,1,12,0,3,1,2,0.2975,0.538333,0.162937,5319,5254.01
712,4,1,12,0,4,1,1,0.295833,0.485833,0.174129,5532,5262.24
713,4,1,12,0,5,1,1,0.281667,0.642917,0.13122899999999998,5611,5290.78
714,4,1,12,0,6,0,1,0.324167,0.650417,0.10635,5047,4989.75
715,4,1,12,0,0,0,2,0.3625,0.83875,0.100742,3786,3690.01
716,4,1,12,0,1,1,2,0.393333,0.907083,0.0982583,4585,4415.73
717,4,1,12,0,2,1,1,0.410833,0.66625,0.221404,5557,5508.33
718,4,1,12,0,3,1,1,0.3325,0.625417,0.184092,5267,5246.89
719,4,1,12,0,4,1,2,0.33,0.667917,0.132463,4128,4429.46
720,1,1,12,0,5,1,2,0.326667,0.556667,0.37438299999999997,3623,3484.79
721,1,1,12,0,6,0,1,0.265833,0.44125,0.17880200000000002,1749,2193.55
722,1,1,12,0,0,0,1,0.245833,0.515417,0.13308299999999998,1787,1875.1
723,1,1,12,0,1,1,2,0.231304,0.791304,0.07723039999999999,920,1258.08
724,1,1,12,1,2,0,2,0.291304,0.734783,0.168726,1013,1792.24
725,1,1,12,0,3,1,3,0.243333,0.823333,0.316546,441,882.15
726,1,1,12,0,4,1,2,0.25416700000000003,0.652917,0.35013299999999997,2114,2301.46
727,1,1,12,0,5,1,2,0.253333,0.59,0.155471,3095,2360.33
728,1,1,12,0,6,0,2,0.253333,0.7529170000000001,0.124383,1341,1428.85
729,1,1,12,0,0,0,1,0.255833,0.483333,0.350754,1796,2376.13
730,1,1,12,0,1,1,2,0.215833,0.5775,0.154846,2729,2172.47
