"season","yr","mnth","holiday","weekday","workingday","weathersit","temp","hum","windspeed","cnt","predicted_count"
"1","0","1","0","6","0","2",0.344167,0.805833,0.160446,985,1162
"1","0","1","0","0","0","2",0.363478,0.696087,0.248539,801,1108
"1","0","1","0","1","1","1",0.196364,0.437273,0.248309,1349,1401
"1","0","1","0","2","1","1",0.2,0.590435,0.160296,1562,1519
"1","0","1","0","3","1","1",0.226957,0.436957,0.1869,1600,1618
"1","0","1","0","4","1","1",0.204348,0.518261,0.0895652,1606,1501
"1","0","1","0","5","1","2",0.196522,0.498696,0.168726,1510,1504
"1","0","1","0","6","0","2",0.165,0.535833,0.266804,959,1013
"1","0","1","0","0","0","1",0.138333,0.434167,0.36195,822,938
"1","0","1","0","1","1","1",0.150833,0.482917,0.223267,1321,1370
"1","0","1","0","2","1","2",0.169091,0.686364,0.122132,1263,1227
"1","0","1","0","3","1","1",0.172727,0.599545,0.304627,1162,1276
"1","0","1","0","4","1","1",0.165,0.470417,0.301,1406,1373
"1","0","1","0","5","1","1",0.16087,0.537826,0.126548,1421,1422
"1","0","1","0","6","0","2",0.233333,0.49875,0.157963,1248,1212
"1","0","1","0","0","0","1",0.231667,0.48375,0.188433,1204,1178
"1","0","1","1","1","0","2",0.175833,0.5375,0.194017,1000,1051
"1","0","1","0","2","1","2",0.216667,0.861667,0.146775,683,924
"1","0","1","0","3","1","2",0.292174,0.741739,0.208317,1650,1523
"1","0","1","0","4","1","2",0.261667,0.538333,0.195904,1927,1788
"1","0","1","0","5","1","1",0.1775,0.457083,0.353242,1543,1446
"1","0","1","0","6","0","1",0.0591304,0.4,0.17197,981,1032
"1","0","1","0","0","0","1",0.0965217,0.436522,0.2466,986,989
"1","0","1","0","1","1","1",0.0973913,0.491739,0.15833,1416,1391
"1","0","1","0","2","1","2",0.223478,0.616957,0.129796,1985,1730
"1","0","1","0","3","1","3",0.2175,0.8625,0.29385,506,800
"1","0","1","0","4","1","1",0.195,0.6875,0.113837,431,930
"1","0","1","0","5","1","2",0.203478,0.793043,0.1233,1167,1119
"1","0","1","0","6","0","1",0.196522,0.651739,0.145365,1098,1094
"1","0","1","0","0","0","1",0.216522,0.722174,0.0739826,1096,1041
"1","0","1","0","1","1","2",0.180833,0.60375,0.187192,1501,1439
"1","0","2","0","2","1","2",0.192174,0.829565,0.053213,1360,1375
"1","0","2","0","3","1","2",0.26,0.775417,0.264308,1526,1596
"1","0","2","0","4","1","1",0.186957,0.437826,0.277752,1550,1570
"1","0","2","0","5","1","2",0.211304,0.585217,0.127839,1708,1695
"1","0","2","0","6","0","2",0.233333,0.929167,0.161079,1005,1139
"1","0","2","0","0","0","1",0.285833,0.568333,0.1418,1623,1703
"1","0","2","0","1","1","1",0.271667,0.738333,0.0454083,1712,1812
"1","0","2","0","2","1","1",0.220833,0.537917,0.36195,1530,1554
"1","0","2","0","3","1","2",0.134783,0.494783,0.188839,1605,1603
"1","0","2","0","4","1","1",0.144348,0.437391,0.221935,1538,1564
"1","0","2","0","5","1","1",0.189091,0.506364,0.10855,1746,1723
"1","0","2","0","6","0","1",0.2225,0.544167,0.203367,1472,1481
"1","0","2","0","0","0","1",0.316522,0.457391,0.260883,1589,1747
"1","0","2","0","1","1","1",0.415,0.375833,0.180975,1913,2079
"1","0","2","0","2","1","1",0.266087,0.314348,0.291374,1815,1830
"1","0","2","0","3","1","1",0.318261,0.423478,0.251791,2115,1972
"1","0","2","0","4","1","1",0.435833,0.505,0.230104,2475,2760
"1","0","2","0","5","1","1",0.521667,0.516667,0.264925,2927,3354
"1","0","2","0","6","0","1",0.399167,0.626667,0.180975,1635,1827
"1","0","2","0","0","0","1",0.285217,0.407826,0.223235,1812,1774
"1","0","2","1","1","0","2",0.303333,0.605,0.307846,1107,1308
"1","0","2","0","2","1","1",0.182222,0.577778,0.195683,1450,1512
"1","0","2","0","3","1","1",0.221739,0.423043,0.094113,1917,1822
"1","0","2","0","4","1","2",0.295652,0.697391,0.250496,1807,1726
"1","0","2","0","5","1","2",0.364348,0.712174,0.346539,1461,1528
"1","0","2","0","6","0","1",0.2825,0.537917,0.186571,1969,1774
"1","0","2","0","0","0","1",0.343478,0.68,0.125248,2402,2099
"1","0","2","0","1","1","2",0.407273,0.876364,0.289686,1446,1652
"1","0","3","0","2","1","1",0.266667,0.535,0.216425,1851,1917
"1","0","3","0","3","1","1",0.335,0.449583,0.307833,2134,2142
"1","0","3","0","4","1","1",0.198333,0.318333,0.225754,1685,1742
"1","0","3","0","5","1","2",0.261667,0.610417,0.203346,1944,1928
"1","0","3","0","6","0","2",0.384167,0.789167,0.251871,2077,1946
"1","0","3","0","0","0","2",0.376522,0.948261,0.343287,605,1173
"1","0","3","0","1","1","1",0.261739,0.551304,0.341352,1872,1843
"1","0","3","0","2","1","1",0.2925,0.420833,0.12065,2133,2136
"1","0","3","0","3","1","2",0.295833,0.775417,0.22015,1891,1884
"1","0","3","0","4","1","3",0.389091,0.626667,0.261877,623,1265
"1","0","3","0","5","1","2",0.316522,0.649565,0.23297,1977,1979
"1","0","3","0","6","0","1",0.329167,0.594583,0.220775,2132,2116
"1","0","3","0","0","0","1",0.384348,0.527391,0.270604,2417,2251
"1","0","3","0","1","1","1",0.325217,0.496957,0.136926,2046,2100
"1","0","3","0","2","1","2",0.317391,0.655652,0.184309,2056,1946
"1","0","3","0","3","1","2",0.365217,0.776522,0.203117,2192,2055
"1","0","3","0","4","1","1",0.415,0.602917,0.209579,2744,2509
"1","0","3","0","5","1","1",0.54,0.525217,0.231017,3239,3410
"1","0","3","0","6","0","1",0.4725,0.379167,0.368167,3117,3245
"1","0","3","0","0","0","1",0.3325,0.47375,0.207721,2471,2279
"2","0","3","0","1","1","2",0.430435,0.737391,0.288783,2077,2286
"2","0","3","0","2","1","1",0.441667,0.624583,0.22575,2703,2932
"2","0","3","0","3","1","2",0.346957,0.839565,0.234261,2121,2062
"2","0","3","0","4","1","2",0.285,0.805833,0.243787,1865,1931
"2","0","3","0","5","1","1",0.264167,0.495,0.230725,2210,2223
"2","0","3","0","6","0","1",0.265833,0.394167,0.209571,2496,2355
"2","0","3","0","0","0","2",0.253043,0.493913,0.1843,1693,1895
"2","0","3","0","1","1","1",0.264348,0.302174,0.212204,2028,2199
"2","0","3","0","2","1","1",0.3025,0.314167,0.226996,2425,2375
"2","0","3","0","3","1","2",0.3,0.646667,0.172888,1536,1841
"2","0","3","0","4","1","3",0.268333,0.918333,0.217646,1685,1524
"2","0","4","0","5","1","2",0.3,0.68625,0.258708,2227,2061
"2","0","4","0","6","0","2",0.315,0.65375,0.197146,2252,2204
"2","0","4","0","0","0","1",0.378333,0.48,0.182213,3249,2840
"2","0","4","0","1","1","1",0.573333,0.42625,0.180975,3115,3751
"2","0","4","0","2","1","2",0.414167,0.642083,0.180975,1795,2121
"2","0","4","0","3","1","1",0.390833,0.470833,0.263063,2808,2756
"2","0","4","0","4","1","1",0.4375,0.602917,0.162312,3141,3153
"2","0","4","0","5","1","2",0.335833,0.83625,0.226992,1471,1793
"2","0","4","0","6","0","2",0.3425,0.8775,0.133083,2455,2360
"2","0","4","0","0","0","2",0.426667,0.8575,0.146767,2895,2767
"2","0","4","0","1","1","2",0.595652,0.716956,0.324474,3348,3578
"2","0","4","0","2","1","2",0.5025,0.739167,0.274879,2034,2895
"2","0","4","0","3","1","2",0.4125,0.819167,0.250617,2162,2204
"2","0","4","0","4","1","1",0.4675,0.540417,0.1107,3267,3603
"2","0","4","1","5","0","1",0.446667,0.67125,0.226375,3126,3176
"2","0","4","0","6","0","3",0.430833,0.888333,0.340808,795,1404
"2","0","4","0","0","0","1",0.456667,0.479583,0.303496,3744,3701
"2","0","4","0","1","1","1",0.5125,0.5425,0.163567,3429,3683
"2","0","4","0","2","1","2",0.505833,0.665833,0.157971,3204,3384
"2","0","4","0","3","1","1",0.595,0.614167,0.241925,3944,4150
"2","0","4","0","4","1","1",0.459167,0.407083,0.325258,4189,3935
"2","0","4","0","5","1","2",0.336667,0.729583,0.219521,1683,1832
"2","0","4","0","6","0","2",0.46,0.887917,0.230725,4036,3563
"2","0","4","0","0","0","2",0.581667,0.810833,0.192175,4191,4054
"2","0","4","0","1","1","1",0.606667,0.776667,0.185333,4073,3950
"2","0","4","0","2","1","1",0.631667,0.729167,0.3265,4400,4167
"2","0","4","0","3","1","2",0.62,0.835417,0.3122,3872,3786
"2","0","4","0","4","1","2",0.6175,0.700833,0.320908,4058,3884
"2","0","4","0","5","1","1",0.51,0.457083,0.240063,4595,4403
"2","0","4","0","6","0","1",0.4725,0.503333,0.235075,5312,4699
"2","0","5","0","0","0","2",0.451667,0.762083,0.106354,3351,3429
"2","0","5","0","1","1","2",0.549167,0.73,0.183454,4401,4311
"2","0","5","0","2","1","2",0.616667,0.697083,0.342667,4451,4146
"2","0","5","0","3","1","2",0.414167,0.737083,0.328996,2633,2395
"2","0","5","0","4","1","1",0.459167,0.444167,0.295392,4433,4139
"2","0","5","0","5","1","1",0.479167,0.59,0.228246,4608,4559
"2","0","5","0","6","0","1",0.52,0.54125,0.16045,4714,4902
"2","0","5","0","0","0","1",0.528333,0.631667,0.0746375,4333,4634
"2","0","5","0","1","1","1",0.5325,0.58875,0.176,4362,4427
"2","0","5","0","2","1","1",0.5325,0.489167,0.115671,4803,4843
"2","0","5","0","3","1","1",0.5425,0.632917,0.120642,4182,4466
"2","0","5","0","4","1","1",0.535,0.7475,0.189667,4864,4686
"2","0","5","0","5","1","2",0.5125,0.863333,0.179725,4105,3993
"2","0","5","0","6","0","2",0.520833,0.9225,0.13495,3409,3483
"2","0","5","0","0","0","2",0.5625,0.867083,0.152979,4553,4352
"2","0","5","0","1","1","1",0.5775,0.787917,0.126871,3958,4143
"2","0","5","0","2","1","2",0.561667,0.837917,0.277354,4123,4042
"2","0","5","0","3","1","2",0.55,0.87,0.201492,3855,3925
"2","0","5","0","4","1","2",0.530833,0.829583,0.108213,4575,4494
"2","0","5","0","5","1","1",0.536667,0.719583,0.125013,4917,4794
"2","0","5","0","6","0","1",0.6025,0.626667,0.12065,5805,5378
"2","0","5","0","0","0","1",0.604167,0.749583,0.148008,4660,4684
"2","0","5","0","1","1","2",0.631667,0.81,0.233842,4274,4180
"2","0","5","0","2","1","2",0.66,0.740833,0.207092,4492,4365
"2","0","5","0","3","1","1",0.660833,0.69625,0.154233,4978,4844
"2","0","5","0","4","1","1",0.708333,0.6775,0.199642,4677,4666
"2","0","5","0","5","1","1",0.681667,0.65375,0.240679,4679,4672
"2","0","5","0","6","0","1",0.655833,0.729583,0.230092,4758,4823
"2","0","5","0","0","0","1",0.6675,0.81875,0.213938,4788,4557
"2","0","5","1","1","0","1",0.733333,0.685,0.131225,4098,4307
"2","0","5","0","2","1","1",0.775,0.636667,0.111329,3982,4230
"2","0","6","0","3","1","2",0.764167,0.677083,0.207092,3974,4032
"2","0","6","0","4","1","1",0.715,0.305,0.292287,4968,5013
"2","0","6","0","5","1","1",0.62,0.354167,0.253121,5312,5202
"2","0","6","0","6","0","1",0.635,0.45625,0.123142,5342,5310
"2","0","6","0","0","0","2",0.648333,0.6525,0.138692,4906,4676
"2","0","6","0","1","1","1",0.678333,0.6,0.121896,4548,4621
"2","0","6","0","2","1","1",0.7075,0.597917,0.187808,4833,4828
"2","0","6","0","3","1","1",0.775833,0.622083,0.136817,4401,4433
"2","0","6","0","4","1","2",0.808333,0.568333,0.149883,3915,4047
"2","0","6","0","5","1","1",0.755,0.605,0.140554,4586,4568
"2","0","6","0","6","0","1",0.725,0.654583,0.15485,4966,4988
"2","0","6","0","0","0","1",0.6925,0.747917,0.163567,4460,4621
"2","0","6","0","1","1","1",0.635,0.494583,0.30535,5020,4879
"2","0","6","0","2","1","1",0.604167,0.507083,0.269283,4891,4947
"2","0","6","0","3","1","1",0.626667,0.471667,0.167912,5180,5121
"2","0","6","0","4","1","2",0.628333,0.688333,0.206471,3767,4023
"2","0","6","0","5","1","1",0.649167,0.735833,0.143029,4844,4821
"2","0","6","0","6","0","1",0.696667,0.670417,0.119408,5119,5118
"2","0","6","0","0","0","2",0.699167,0.666667,0.102,4744,4748
"2","0","6","0","1","1","2",0.635,0.74625,0.155475,4010,4184
"3","0","6","0","2","1","2",0.680833,0.770417,0.171025,4835,4532
"3","0","6","0","3","1","1",0.733333,0.7075,0.172262,4507,4518
"3","0","6","0","4","1","2",0.728333,0.703333,0.238804,4790,4422
"3","0","6","0","5","1","1",0.724167,0.573333,0.222025,4991,4930
"3","0","6","0","6","0","1",0.695,0.483333,0.209571,5202,5219
"3","0","6","0","0","0","1",0.68,0.513333,0.0945333,5305,5204
"3","0","6","0","1","1","2",0.6825,0.658333,0.107588,4708,4633
"3","0","6","0","2","1","1",0.744167,0.634167,0.144283,4648,4571
"3","0","6","0","3","1","1",0.728333,0.497917,0.261821,5225,5073
"3","0","6","0","4","1","1",0.696667,0.434167,0.185312,5515,5282
"3","0","7","0","5","1","1",0.7225,0.39625,0.102608,5362,5212
"3","0","7","0","6","0","1",0.738333,0.444583,0.115062,5119,5081
"3","0","7","0","0","0","2",0.716667,0.6825,0.228858,4649,4487
"3","0","7","1","1","0","2",0.726667,0.637917,0.0814792,6043,5394
"3","0","7","0","2","1","1",0.746667,0.590417,0.126258,4665,4612
"3","0","7","0","3","1","1",0.72,0.743333,0.149883,4629,4643
"3","0","7","0","4","1","1",0.75,0.65125,0.1592,4592,4531
"3","0","7","0","5","1","2",0.709167,0.757917,0.225129,4040,4130
"3","0","7","0","6","0","1",0.733333,0.609167,0.167912,5336,5210
"3","0","7","0","0","0","1",0.7475,0.578333,0.183471,4881,4706
"3","0","7","0","1","1","1",0.7625,0.635833,0.282337,4086,4243
"3","0","7","0","2","1","1",0.794167,0.559167,0.200254,4258,4404
"3","0","7","0","3","1","1",0.746667,0.631667,0.146133,4342,4458
"3","0","7","0","4","1","1",0.680833,0.47625,0.240667,5084,5151
"3","0","7","0","5","1","1",0.663333,0.59125,0.182833,5538,5273
"3","0","7","0","6","0","1",0.686667,0.585,0.208342,5923,5509
"3","0","7","0","0","0","1",0.719167,0.604167,0.245033,5302,5120
"3","0","7","0","1","1","1",0.746667,0.65125,0.215804,4458,4385
"3","0","7","0","2","1","1",0.776667,0.650417,0.1306,4541,4471
"3","0","7","0","3","1","1",0.768333,0.707083,0.113817,4332,4347
"3","0","7","0","4","1","2",0.815,0.69125,0.222021,3784,3937
"3","0","7","0","5","1","1",0.848333,0.580417,0.1331,3387,3640
"3","0","7","0","6","0","1",0.849167,0.5,0.131221,3285,3774
"3","0","7","0","0","0","1",0.83,0.550833,0.169171,3606,3715
"3","0","7","0","1","1","1",0.743333,0.757083,0.0908083,3840,4126
"3","0","7","0","2","1","1",0.771667,0.540833,0.200258,4590,4554
"3","0","7","0","3","1","1",0.775,0.402917,0.183463,4656,4680
"3","0","7","0","4","1","1",0.779167,0.583333,0.178479,4390,4441
"3","0","7","0","5","1","1",0.838333,0.5425,0.174138,3846,3757
"3","0","7","0","6","0","1",0.804167,0.465833,0.168537,4475,4548
"3","0","7","0","0","0","1",0.805833,0.480833,0.164813,4302,4399
"3","0","8","0","1","1","1",0.771667,0.550833,0.156717,4266,4339
"3","0","8","0","2","1","1",0.783333,0.49125,0.20585,4845,4720
"3","0","8","0","3","1","2",0.731667,0.6575,0.135583,3574,3932
"3","0","8","0","4","1","2",0.71,0.7575,0.19715,4576,4321
"3","0","8","0","5","1","1",0.710833,0.630833,0.184696,4866,4766
"3","0","8","0","6","0","2",0.716667,0.755,0.22825,4294,4229
"3","0","8","0","0","0","1",0.7425,0.752917,0.201487,3785,4081
"3","0","8","0","1","1","1",0.765,0.592083,0.192175,4326,4355
"3","0","8","0","2","1","1",0.775,0.570417,0.151121,4602,4550
"3","0","8","0","3","1","1",0.766667,0.424167,0.200258,4780,4739
"3","0","8","0","4","1","1",0.7175,0.42375,0.164796,4792,4898
"3","0","8","0","5","1","1",0.708333,0.415,0.125621,4905,5010
"3","0","8","0","6","0","2",0.685833,0.729583,0.211454,4150,4199
"3","0","8","0","0","0","2",0.676667,0.8175,0.222633,3820,3965
"3","0","8","0","1","1","1",0.665833,0.712083,0.208954,4338,4396
"3","0","8","0","2","1","1",0.700833,0.578333,0.236329,4725,4761
"3","0","8","0","3","1","1",0.723333,0.575417,0.143667,4694,4744
"3","0","8","0","4","1","1",0.711667,0.654583,0.233208,3805,4233
"3","0","8","0","5","1","2",0.685,0.722917,0.139308,4153,4257
"3","0","8","0","6","0","1",0.6975,0.674167,0.104467,5191,5113
"3","0","8","0","0","0","1",0.710833,0.77,0.248754,3873,4088
"3","0","8","0","1","1","1",0.691667,0.47,0.27675,4758,4771
"3","0","8","0","2","1","1",0.640833,0.455417,0.146763,5895,5417
"3","0","8","0","3","1","1",0.673333,0.605,0.253108,5130,4966
"3","0","8","0","4","1","2",0.684167,0.771667,0.210833,3542,3825
"3","0","8","0","5","1","1",0.7,0.76125,0.0839625,4661,4606
"3","0","8","0","6","0","2",0.68,0.85,0.375617,1115,2314
"3","0","8","0","0","0","1",0.707059,0.561765,0.304659,4334,4585
"3","0","8","0","1","1","1",0.636667,0.554583,0.159825,4634,4635
"3","0","8","0","2","1","1",0.639167,0.548333,0.125008,5204,5074
"3","0","8","0","3","1","1",0.656667,0.597917,0.0833333,5058,5020
"3","0","9","0","4","1","1",0.655,0.639167,0.141796,5115,4967
"3","0","9","0","5","1","2",0.643333,0.727083,0.139929,4727,4501
"3","0","9","0","6","0","1",0.669167,0.716667,0.185325,4484,4770
"3","0","9","0","0","0","1",0.709167,0.742083,0.206467,4940,4784
"3","0","9","1","1","0","2",0.673333,0.790417,0.212696,3351,3818
"3","0","9","0","2","1","3",0.54,0.886957,0.343943,2710,2591
"3","0","9","0","3","1","3",0.599167,0.917083,0.0970208,1996,2363
"3","0","9","0","4","1","3",0.633913,0.939565,0.192748,1842,2299
"3","0","9","0","5","1","2",0.65,0.897917,0.124379,3544,3809
"3","0","9","0","6","0","1",0.66,0.75375,0.153608,5345,5040
"3","0","9","0","0","0","1",0.653333,0.71375,0.115054,5046,4966
"3","0","9","0","1","1","1",0.644348,0.692174,0.088913,4713,4691
"3","0","9","0","2","1","1",0.650833,0.7125,0.141804,4763,4819
"3","0","9","0","3","1","1",0.673333,0.697083,0.1673,4785,4798
"3","0","9","0","4","1","2",0.5775,0.709167,0.271146,3659,3916
"3","0","9","0","5","1","2",0.469167,0.590417,0.164183,4760,4375
"3","0","9","0","6","0","2",0.491667,0.718333,0.189675,4511,4365
"3","0","9","0","0","0","1",0.5075,0.695,0.178483,4274,4480
"3","0","9","0","1","1","2",0.549167,0.69,0.151742,4539,4421
"3","0","9","0","2","1","2",0.561667,0.88125,0.134954,3641,3847
"3","0","9","0","3","1","2",0.595,0.9,0.0964042,4352,4084
"3","0","9","0","4","1","2",0.628333,0.902083,0.128125,4795,4195
"4","0","9","0","5","1","2",0.609167,0.9725,0.0783667,2395,3196
"4","0","9","0","6","0","2",0.606667,0.8625,0.0783833,5423,4909
"4","0","9","0","0","0","2",0.634167,0.845,0.0503792,5010,4889
"4","0","9","0","1","1","2",0.649167,0.848333,0.1107,4630,4471
"4","0","9","0","2","1","2",0.636667,0.885417,0.118171,4120,4023
"4","0","9","0","3","1","2",0.635,0.84875,0.148629,3907,4026
"4","0","9","0","4","1","1",0.616667,0.699167,0.172883,4839,4807
"4","0","9","0","5","1","1",0.564167,0.6475,0.206475,5202,4917
"4","0","10","0","6","0","2",0.41,0.75375,0.292296,2429,2931
"4","0","10","0","0","0","2",0.356667,0.791667,0.222013,2918,3021
"4","0","10","0","1","1","2",0.384167,0.760833,0.0833458,3570,3623
"4","0","10","0","2","1","1",0.484167,0.71,0.205854,4456,4413
"4","0","10","0","3","1","1",0.538333,0.647917,0.17725,4826,4746
"4","0","10","0","4","1","1",0.494167,0.620833,0.134954,4765,4615
"4","0","10","0","5","1","1",0.510833,0.684167,0.0223917,4985,4918
"4","0","10","0","6","0","1",0.521667,0.70125,0.0454042,5409,5255
"4","0","10","0","0","0","1",0.540833,0.7275,0.06345,5511,5139
"4","0","10","1","1","0","1",0.570833,0.73375,0.0423042,5117,4992
"4","0","10","0","2","1","2",0.566667,0.80875,0.143042,4563,4262
"4","0","10","0","3","1","3",0.543333,0.90625,0.24815,2416,2472
"4","0","10","0","4","1","2",0.589167,0.896667,0.141787,2913,3403
"4","0","10","0","5","1","2",0.550833,0.71625,0.223883,3644,3855
"4","0","10","0","6","0","1",0.506667,0.483333,0.258083,5217,5094
"4","0","10","0","0","0","1",0.511667,0.486667,0.281717,5041,4926
"4","0","10","0","1","1","1",0.534167,0.579583,0.175379,4570,4565
"4","0","10","0","2","1","2",0.5325,0.701667,0.110087,4748,4564
"4","0","10","0","3","1","3",0.541739,0.895217,0.243339,2424,2592
"4","0","10","0","4","1","1",0.475833,0.63625,0.180975,4195,4355
"4","0","10","0","5","1","1",0.4275,0.574167,0.221396,4304,4068
"4","0","10","0","6","0","1",0.4225,0.629167,0.0926667,4308,4140
"4","0","10","0","0","0","1",0.421667,0.74125,0.0995125,4381,4086
"4","0","10","0","1","1","1",0.463333,0.772083,0.118792,4187,3986
"4","0","10","0","2","1","1",0.471667,0.622917,0.166658,4687,4523
"4","0","10","0","3","1","2",0.484167,0.720417,0.148642,3894,3914
"4","0","10","0","4","1","2",0.47,0.812917,0.197763,2659,3217
"4","0","10","0","5","1","2",0.330833,0.585833,0.229479,3747,3618
"4","0","10","0","6","0","3",0.254167,0.8825,0.351371,627,1300
"4","0","10","0","0","0","1",0.319167,0.62375,0.176617,3331,3427
"4","0","10","0","1","1","1",0.34,0.703333,0.10635,3669,3652
"4","0","11","0","2","1","1",0.400833,0.68375,0.135571,4068,4007
"4","0","11","0","3","1","1",0.3775,0.71875,0.0820917,4186,3845
"4","0","11","0","4","1","1",0.408333,0.702083,0.136817,3974,3895
"4","0","11","0","5","1","2",0.403333,0.6225,0.271779,4046,3822
"4","0","11","0","6","0","1",0.326667,0.519167,0.189062,3926,3762
"4","0","11","0","0","0","1",0.348333,0.734583,0.0920542,3649,3520
"4","0","11","0","1","1","1",0.395,0.75875,0.057225,4035,4027
"4","0","11","0","2","1","1",0.408333,0.721667,0.0690375,4205,4089
"4","0","11","0","3","1","1",0.4,0.758333,0.0621958,4109,4040
"4","0","11","0","4","1","2",0.38,0.813333,0.189067,2933,3091
"4","0","11","1","5","0","1",0.324167,0.44625,0.314675,3368,2866
"4","0","11","0","6","0","1",0.356667,0.552917,0.212062,4067,3777
"4","0","11","0","0","0","1",0.440833,0.458333,0.281721,3717,3675
"4","0","11","0","1","1","1",0.53,0.587083,0.306596,4486,4407
"4","0","11","0","2","1","2",0.53,0.68875,0.199633,4195,4162
"4","0","11","0","3","1","3",0.456667,0.93,0.136829,1817,2088
"4","0","11","0","4","1","2",0.341667,0.575833,0.305362,3053,3185
"4","0","11","0","5","1","1",0.274167,0.41,0.168533,3392,3371
"4","0","11","0","6","0","1",0.329167,0.502083,0.224496,3663,3691
"4","0","11","0","0","0","2",0.463333,0.684583,0.18595,3520,3615
"4","0","11","0","1","1","3",0.4475,0.91,0.138054,2765,2390
"4","0","11","0","2","1","3",0.416667,0.9625,0.118792,1607,1632
"4","0","11","0","3","1","2",0.440833,0.757917,0.335825,2566,2825
"4","0","11","1","4","0","1",0.373333,0.549167,0.167304,1495,2520
"4","0","11","0","5","1","1",0.375,0.64375,0.0988958,2792,3267
"4","0","11","0","6","0","1",0.375833,0.681667,0.0684208,3068,3315
"4","0","11","0","0","0","1",0.459167,0.698333,0.208954,3071,3487
"4","0","11","0","1","1","1",0.503478,0.743043,0.142122,3867,4008
"4","0","11","0","2","1","2",0.458333,0.830833,0.258092,2914,2991
"4","0","11","0","3","1","1",0.325,0.613333,0.271158,3613,3580
"4","0","12","0","4","1","1",0.3125,0.524583,0.220158,3727,3579
"4","0","12","0","5","1","1",0.314167,0.625833,0.100754,3940,3735
"4","0","12","0","6","0","1",0.299167,0.612917,0.0957833,3614,3562
"4","0","12","0","0","0","1",0.330833,0.775833,0.0839583,3485,3462
"4","0","12","0","1","1","2",0.385833,0.827083,0.0622083,3811,3579
"4","0","12","0","2","1","3",0.4625,0.949583,0.232583,2594,2426
"4","0","12","0","3","1","3",0.41,0.970417,0.266175,705,1283
"4","0","12","0","4","1","1",0.265833,0.58,0.240058,3322,3237
"4","0","12","0","5","1","1",0.290833,0.695833,0.0827167,3620,3617
"4","0","12","0","6","0","1",0.275,0.5075,0.233221,3190,3285
"4","0","12","0","0","0","1",0.220833,0.49,0.0665417,2743,2859
"4","0","12","0","1","1","1",0.238333,0.670833,0.06345,3310,3177
"4","0","12","0","2","1","1",0.2825,0.59,0.14055,3523,3493
"4","0","12","0","3","1","2",0.3175,0.66375,0.0609583,3740,3635
"4","0","12","0","4","1","2",0.4225,0.634167,0.268042,3709,3617
"4","0","12","0","5","1","2",0.375,0.500417,0.260575,3577,3490
"4","0","12","0","6","0","2",0.258333,0.560833,0.243167,2739,2913
"4","0","12","0","0","0","1",0.238333,0.58625,0.169779,2431,2788
"4","0","12","0","1","1","1",0.276667,0.6375,0.172896,3403,3390
"4","0","12","0","2","1","2",0.385833,0.595417,0.0615708,3750,3745
"1","0","12","0","3","1","2",0.428333,0.858333,0.2214,2660,2570
"1","0","12","0","4","1","2",0.423333,0.7575,0.047275,3068,2764
"1","0","12","0","5","1","1",0.373333,0.68625,0.274246,2209,2108
"1","0","12","0","6","0","1",0.3025,0.5425,0.190304,1011,1394
"1","0","12","0","0","0","1",0.274783,0.681304,0.155091,754,1251
"1","0","12","1","1","0","1",0.321739,0.506957,0.239465,1317,1510
"1","0","12","0","2","1","2",0.325,0.7625,0.18845,1162,1515
"1","0","12","0","3","1","1",0.29913,0.503913,0.293961,2302,2097
"1","0","12","0","4","1","1",0.248333,0.574167,0.119412,2423,2214
"1","0","12","0","5","1","1",0.311667,0.636667,0.134337,2999,2418
"1","0","12","0","6","0","1",0.41,0.615833,0.220154,2485,2276
"1","1","1","0","0","0","1",0.37,0.6925,0.192167,2294,3003
"1","1","1","1","1","0","1",0.273043,0.381304,0.329665,1951,2384
"1","1","1","0","2","1","1",0.15,0.44125,0.365671,2236,2534
"1","1","1","0","3","1","2",0.1075,0.414583,0.1847,2368,2498
"1","1","1","0","4","1","1",0.265833,0.524167,0.129987,3272,3357
"1","1","1","0","5","1","1",0.334167,0.542083,0.167908,4098,4062
"1","1","1","0","6","0","1",0.393333,0.531667,0.174758,4521,4336
"1","1","1","0","0","0","1",0.3375,0.465,0.191542,3425,3543
"1","1","1","0","1","1","2",0.224167,0.701667,0.0989,2376,2548
"1","1","1","0","2","1","1",0.308696,0.646522,0.187552,3598,3726
"1","1","1","0","3","1","2",0.274167,0.8475,0.131221,2177,2337
"1","1","1","0","4","1","2",0.3825,0.802917,0.180967,4097,3703
"1","1","1","0","5","1","1",0.274167,0.5075,0.378108,3214,3147
"1","1","1","0","6","0","1",0.18,0.4575,0.187183,2493,2345
"1","1","1","0","0","0","1",0.166667,0.419167,0.251258,2311,2230
"1","1","1","1","1","0","1",0.19,0.5225,0.231358,2298,2351
"1","1","1","0","2","1","2",0.373043,0.716087,0.34913,2935,3177
"1","1","1","0","3","1","1",0.303333,0.443333,0.180975,3376,3597
"1","1","1","0","4","1","1",0.19,0.4975,0.220158,3292,3147
"1","1","1","0","5","1","2",0.2175,0.45,0.20275,3163,3011
"1","1","1","0","6","0","2",0.173333,0.83125,0.222642,1301,1766
"1","1","1","0","0","0","2",0.1625,0.79625,0.199638,1977,1914
"1","1","1","0","1","1","2",0.218333,0.91125,0.110708,2432,2254
"1","1","1","0","2","1","1",0.3425,0.835833,0.123767,4339,3725
"1","1","1","0","3","1","1",0.294167,0.64375,0.161071,4270,3950
"1","1","1","0","4","1","2",0.341667,0.769583,0.0733958,4075,3731
"1","1","1","0","5","1","2",0.425,0.74125,0.342667,3456,3721
"1","1","1","0","6","0","1",0.315833,0.543333,0.210829,4023,3875
"1","1","1","0","0","0","1",0.2825,0.31125,0.24005,3243,3268
"1","1","1","0","1","1","1",0.269167,0.400833,0.215792,3624,3388
"1","1","1","0","2","1","1",0.39,0.416667,0.261817,4509,4369
"1","1","2","0","3","1","1",0.469167,0.507917,0.189067,4579,5063
"1","1","2","0","4","1","2",0.399167,0.672917,0.187187,3761,3763
"1","1","2","0","5","1","1",0.313333,0.526667,0.178496,4151,4000
"1","1","2","0","6","0","2",0.264167,0.779583,0.121896,2832,2585
"1","1","2","0","0","0","2",0.265833,0.687917,0.175996,2947,2753
"1","1","2","0","1","1","1",0.282609,0.622174,0.1538,3784,3776
"1","1","2","0","2","1","1",0.354167,0.49625,0.147379,4375,4304
"1","1","2","0","3","1","2",0.256667,0.722917,0.133721,2802,2720
"1","1","2","0","4","1","1",0.265,0.562083,0.194037,3830,3647
"1","1","2","0","5","1","2",0.280833,0.54,0.116929,3831,3646
"1","1","2","0","6","0","3",0.224167,0.73125,0.289796,2169,2097
"1","1","2","0","0","0","1",0.1275,0.464583,0.180975,1529,2001
"1","1","2","0","1","1","1",0.2225,0.41125,0.167283,3422,3227
"1","1","2","0","2","1","2",0.319167,0.50875,0.141179,3922,3801
"1","1","2","0","3","1","1",0.348333,0.53125,0.1816,4169,4182
"1","1","2","0","4","1","2",0.316667,0.752917,0.091425,3005,3271
"1","1","2","0","5","1","1",0.343333,0.634583,0.205846,4154,4092
"1","1","2","0","6","0","1",0.346667,0.534583,0.190929,4318,4130
"1","1","2","0","0","0","2",0.28,0.515833,0.253112,2689,2928
"1","1","2","1","1","0","1",0.28,0.507826,0.229083,3129,2997
"1","1","2","0","2","1","1",0.287826,0.594348,0.205717,3777,3785
"1","1","2","0","3","1","1",0.395833,0.567917,0.234471,4773,4549
"1","1","2","0","4","1","1",0.454167,0.554583,0.190913,5062,5088
"1","1","2","0","5","1","2",0.4075,0.7375,0.237567,3487,3586
"1","1","2","0","6","0","1",0.290833,0.395833,0.180975,2732,3226
"1","1","2","0","0","0","1",0.279167,0.41,0.205229,3389,3169
"1","1","2","0","1","1","1",0.366667,0.490833,0.268033,4322,4347
"1","1","2","0","2","1","1",0.359167,0.395833,0.193417,4363,4266
"1","1","2","0","3","1","2",0.344348,0.804783,0.179117,1834,2585
"1","1","3","0","4","1","1",0.485833,0.615417,0.226987,4990,5319
"1","1","3","0","5","1","2",0.353333,0.657083,0.144904,3194,3611
"1","1","3","0","6","0","2",0.414167,0.62125,0.161079,4066,4202
"1","1","3","0","0","0","1",0.325833,0.403333,0.334571,3423,3617
"1","1","3","0","1","1","1",0.243333,0.50625,0.228858,3333,3304
"1","1","3","0","2","1","1",0.258333,0.456667,0.200875,3956,3647
"1","1","3","0","3","1","1",0.404167,0.513333,0.345779,4916,4588
"1","1","3","0","4","1","1",0.5275,0.5675,0.180975,5382,5720
"1","1","3","0","5","1","2",0.410833,0.407083,0.180975,4569,4358
"1","1","3","0","6","0","1",0.2875,0.350417,0.22575,4118,3727
"1","1","3","0","0","0","1",0.361739,0.476957,0.222587,4911,4387
"1","1","3","0","1","1","1",0.466667,0.489167,0.207713,5298,5285
"1","1","3","0","2","1","1",0.565,0.6175,0.23695,5847,5859
"1","1","3","0","3","1","1",0.5725,0.507083,0.115062,6312,6248
"1","1","3","0","4","1","1",0.5575,0.579583,0.149883,6192,6094
"1","1","3","0","5","1","2",0.435833,0.842083,0.113192,4378,4625
"1","1","3","0","6","0","2",0.514167,0.755833,0.110704,7836,7088
"1","1","3","0","0","0","2",0.4725,0.81,0.126883,5892,5872
"1","1","3","0","1","1","1",0.545,0.72875,0.162317,6153,6129
"1","1","3","0","2","1","1",0.560833,0.807917,0.121271,6093,6117
"2","1","3","0","3","1","2",0.531667,0.82125,0.0895583,6230,6039
"2","1","3","0","4","1","1",0.554167,0.83125,0.117562,6871,6391
"2","1","3","0","5","1","2",0.601667,0.694167,0.1163,8362,7549
"2","1","3","0","6","0","2",0.5025,0.885417,0.192783,3372,4165
"2","1","3","0","0","0","2",0.4375,0.880833,0.220775,4996,4606
"2","1","3","0","1","1","1",0.445833,0.477917,0.180975,5558,5886
"2","1","3","0","2","1","1",0.323333,0.29,0.187192,5102,5059
"2","1","3","0","3","1","1",0.484167,0.48125,0.291671,5698,5841
"2","1","3","0","4","1","1",0.494167,0.439167,0.31965,6133,6072
"2","1","3","0","5","1","2",0.37,0.580833,0.138067,5459,5188
"2","1","3","0","6","0","2",0.424167,0.738333,0.250617,6235,5745
"2","1","4","0","0","0","2",0.425833,0.67625,0.172267,6041,5593
"2","1","4","0","1","1","1",0.433913,0.504348,0.312139,5936,5974
"2","1","4","0","2","1","1",0.466667,0.396667,0.100133,6772,6574
"2","1","4","0","3","1","1",0.541667,0.469583,0.180975,6436,6724
"2","1","4","0","4","1","1",0.435,0.374167,0.219529,6457,6343
"2","1","4","0","5","1","1",0.403333,0.377083,0.300388,6460,5974
"2","1","4","0","6","0","1",0.4375,0.254167,0.274871,6857,6569
"2","1","4","0","0","0","1",0.5,0.275833,0.232596,5169,5797
"2","1","4","0","1","1","1",0.489167,0.3175,0.358196,5585,5651
"2","1","4","0","2","1","1",0.446667,0.435,0.249375,5918,6073
"2","1","4","0","3","1","1",0.348696,0.469565,0.295274,4862,4973
"2","1","4","0","4","1","1",0.3975,0.46625,0.290429,5409,5551
"2","1","4","0","5","1","1",0.4425,0.408333,0.155471,6398,6314
"2","1","4","0","6","0","1",0.495,0.502917,0.190917,7460,6999
"2","1","4","0","0","0","1",0.606667,0.507917,0.225129,7132,6949
"2","1","4","1","1","0","1",0.664167,0.561667,0.284829,6370,6529
"2","1","4","0","2","1","1",0.608333,0.390417,0.273629,6691,6747
"2","1","4","0","3","1","2",0.463333,0.569167,0.167912,4367,5073
"2","1","4","0","4","1","1",0.498333,0.6125,0.0659292,6565,6619
"2","1","4","0","5","1","1",0.526667,0.694583,0.149871,7290,7019
"2","1","4","0","6","0","1",0.57,0.682917,0.283587,6624,6770
"2","1","4","0","0","0","3",0.396667,0.835417,0.344546,1027,2133
"2","1","4","0","1","1","2",0.321667,0.766667,0.303496,3214,3773
"2","1","4","0","2","1","1",0.413333,0.454167,0.249383,5633,5670
"2","1","4","0","3","1","1",0.476667,0.427917,0.118792,6196,6290
"2","1","4","0","4","1","2",0.498333,0.756667,0.176625,5026,5335
"2","1","4","0","5","1","1",0.4575,0.400833,0.347633,6233,6089
"2","1","4","0","6","0","2",0.376667,0.489583,0.129975,4220,4767
"2","1","4","0","0","0","1",0.458333,0.587083,0.116908,6304,6372
"2","1","4","0","1","1","2",0.464167,0.57,0.171638,5572,5415
"2","1","5","0","2","1","2",0.613333,0.659583,0.156096,5740,6181
"2","1","5","0","3","1","1",0.564167,0.797083,0.138058,6169,6198
"2","1","5","0","4","1","2",0.56,0.768333,0.133696,6421,6270
"2","1","5","0","5","1","1",0.6275,0.735417,0.162938,6296,6527
"2","1","5","0","6","0","2",0.621667,0.756667,0.152992,6883,6398
"2","1","5","0","0","0","2",0.5625,0.74,0.149879,6359,6186
"2","1","5","0","1","1","2",0.5375,0.664167,0.230721,6273,6238
"2","1","5","0","2","1","2",0.581667,0.685833,0.296029,5728,5847
"2","1","5","0","3","1","2",0.575,0.744167,0.216412,4717,5223
"2","1","5","0","4","1","1",0.505833,0.552083,0.314063,6572,6471
"2","1","5","0","5","1","1",0.533333,0.360417,0.236937,7030,7046
"2","1","5","0","6","0","1",0.564167,0.480417,0.123133,7429,7521
"2","1","5","0","0","0","1",0.6125,0.57625,0.225117,6118,6566
"2","1","5","0","1","1","2",0.573333,0.789583,0.212692,2843,4043
"2","1","5","0","2","1","2",0.611667,0.794583,0.147392,5115,5377
"2","1","5","0","3","1","1",0.636667,0.697917,0.122512,7424,7122
"2","1","5","0","4","1","1",0.593333,0.52,0.229475,7384,7287
"2","1","5","0","5","1","1",0.564167,0.523333,0.136817,7639,7446
"2","1","5","0","6","0","1",0.6,0.45625,0.083975,8294,7877
"2","1","5","0","0","0","1",0.620833,0.530417,0.254367,7129,6953
"2","1","5","0","1","1","2",0.598333,0.81125,0.233204,4359,4292
"2","1","5","0","2","1","2",0.615,0.765833,0.118167,6073,6019
"2","1","5","0","3","1","2",0.621667,0.774583,0.102,5260,5724
"2","1","5","0","4","1","1",0.655,0.716667,0.172896,6770,6725
"2","1","5","0","5","1","1",0.68,0.747083,0.14055,6734,6643
"2","1","5","0","6","0","1",0.6925,0.7325,0.198992,6536,6580
"2","1","5","0","0","0","1",0.69,0.697083,0.215171,6591,6506
"2","1","5","1","1","0","1",0.7125,0.67625,0.196521,6043,6327
"2","1","5","0","2","1","1",0.7225,0.684583,0.2954,5743,6082
"2","1","5","0","3","1","2",0.656667,0.67,0.134329,6855,6711
"2","1","5","0","4","1","1",0.68,0.492917,0.195279,7338,7284
"2","1","6","0","5","1","2",0.654167,0.755417,0.237563,4127,4945
"2","1","6","0","6","0","1",0.583333,0.549167,0.186562,8120,7836
"2","1","6","0","0","0","1",0.6025,0.493333,0.184087,7641,7333
"2","1","6","0","1","1","1",0.5975,0.487083,0.284833,6998,6931
"2","1","6","0","2","1","2",0.540833,0.613333,0.209575,7001,6751
"2","1","6","0","3","1","1",0.554167,0.61125,0.077125,7055,7189
"2","1","6","0","4","1","1",0.6025,0.567083,0.15735,7494,7453
"2","1","6","0","5","1","1",0.649167,0.467917,0.175383,7736,7604
"2","1","6","0","6","0","1",0.710833,0.437083,0.144287,7498,7502
"2","1","6","0","0","0","1",0.726667,0.538333,0.133721,6598,6775
"2","1","6","0","1","1","2",0.720833,0.587917,0.207713,6664,6615
"2","1","6","0","2","1","2",0.653333,0.833333,0.214546,4972,4892
"2","1","6","0","3","1","1",0.655833,0.582083,0.343279,7421,7170
"2","1","6","0","4","1","1",0.648333,0.569583,0.253733,7363,7350
"2","1","6","0","5","1","1",0.639167,0.589583,0.176617,7665,7559
"2","1","6","0","6","0","1",0.631667,0.504167,0.166667,7702,7675
"2","1","6","0","0","0","1",0.5925,0.59875,0.144904,6978,6963
"2","1","6","0","1","1","2",0.568333,0.777917,0.174746,5099,5065
"2","1","6","0","2","1","1",0.688333,0.69,0.148017,6825,6878
"2","1","6","0","3","1","1",0.7825,0.592083,0.113812,6211,6334
"3","1","6","0","4","1","1",0.805833,0.567917,0.118787,5905,6022
"3","1","6","0","5","1","1",0.7775,0.57375,0.182842,5823,6131
"3","1","6","0","6","0","1",0.731667,0.534583,0.179721,7458,7382
"3","1","6","0","0","0","1",0.743333,0.479167,0.145525,6891,6873
"3","1","6","0","1","1","1",0.715833,0.504167,0.300383,6779,6853
"3","1","6","0","2","1","1",0.630833,0.373333,0.347642,7442,7169
"3","1","6","0","3","1","1",0.6975,0.36,0.271775,7335,7325
"3","1","6","0","4","1","1",0.749167,0.4225,0.17165,6879,7055
"3","1","6","0","5","1","1",0.834167,0.48875,0.165417,5463,5712
"3","1","6","0","6","0","1",0.765,0.60125,0.161071,5687,6264
"3","1","7","0","0","0","1",0.815833,0.51875,0.168529,5531,5591
"3","1","7","0","1","1","1",0.781667,0.447083,0.195267,6227,6408
"3","1","7","0","2","1","1",0.780833,0.492083,0.126237,6660,6646
"3","1","7","1","3","0","1",0.789167,0.53875,0.13495,7403,6775
"3","1","7","0","4","1","1",0.8275,0.457917,0.194029,6241,6103
"3","1","7","0","5","1","1",0.828333,0.450833,0.146142,6207,6095
"3","1","7","0","6","0","1",0.861667,0.492083,0.163554,4840,5454
"3","1","7","0","0","0","1",0.8225,0.57375,0.125629,4672,5423
"3","1","7","0","1","1","2",0.710833,0.683333,0.180975,6569,6577
"3","1","7","0","2","1","2",0.720833,0.6675,0.151737,6290,6576
"3","1","7","0","3","1","1",0.716667,0.633333,0.151733,7264,7343
"3","1","7","0","4","1","1",0.715833,0.529583,0.146775,7446,7416
"3","1","7","0","5","1","2",0.731667,0.485833,0.08085,7499,7341
"3","1","7","0","6","0","2",0.703333,0.699167,0.143679,6969,6822
"3","1","7","0","0","0","1",0.745833,0.717917,0.166667,6031,6320
"3","1","7","0","1","1","1",0.763333,0.645,0.164187,6830,6854
"3","1","7","0","2","1","1",0.818333,0.505833,0.114429,6786,6427
"3","1","7","0","3","1","1",0.793333,0.577083,0.137442,5713,6201
"3","1","7","0","4","1","1",0.77,0.600417,0.165429,6591,6670
"3","1","7","0","5","1","2",0.665833,0.844167,0.208967,5870,5529
"3","1","7","0","6","0","3",0.595833,0.865417,0.2133,4459,4442
"3","1","7","0","0","0","2",0.6675,0.7625,0.0939208,7410,6747
"3","1","7","0","1","1","1",0.741667,0.694167,0.138683,6966,6962
"3","1","7","0","2","1","1",0.750833,0.655,0.211454,7592,7246
"3","1","7","0","3","1","1",0.724167,0.45,0.1648,8173,7675
"3","1","7","0","4","1","1",0.776667,0.596667,0.284813,6861,6691
"3","1","7","0","5","1","1",0.781667,0.594583,0.152992,6904,6649
"3","1","7","0","6","0","1",0.755833,0.613333,0.15735,6685,6892
"3","1","7","0","0","0","1",0.721667,0.62375,0.170396,6597,6648
"3","1","7","0","1","1","1",0.730833,0.66875,0.153617,7105,6992
"3","1","7","0","2","1","1",0.713333,0.704167,0.165425,7216,7044
"3","1","8","0","3","1","1",0.7175,0.6775,0.141179,7580,7413
"3","1","8","0","4","1","1",0.7525,0.659583,0.129354,7261,7262
"3","1","8","0","5","1","2",0.765833,0.6425,0.215792,7175,6885
"3","1","8","0","6","0","1",0.793333,0.613333,0.257458,6824,6387
"3","1","8","0","0","0","1",0.769167,0.6525,0.290421,5464,5879
"3","1","8","0","1","1","2",0.7525,0.654167,0.129354,7013,6932
"3","1","8","0","2","1","2",0.735833,0.70375,0.116908,7273,7092
"3","1","8","0","3","1","2",0.75,0.672917,0.1107,7534,7347
"3","1","8","0","4","1","1",0.755833,0.620417,0.1561,7286,7209
"3","1","8","0","5","1","2",0.715833,0.715833,0.238813,5786,6079
"3","1","8","0","6","0","2",0.6925,0.732917,0.206479,6299,6409
"3","1","8","0","0","0","1",0.700833,0.530417,0.122512,6544,6753
"3","1","8","0","1","1","1",0.720833,0.545417,0.136212,6883,7004
"3","1","8","0","2","1","1",0.726667,0.686667,0.169158,6784,6900
"3","1","8","0","3","1","1",0.706667,0.619583,0.169771,7347,7396
"3","1","8","0","4","1","1",0.719167,0.519167,0.141796,7605,7482
"3","1","8","0","5","1","1",0.723333,0.570833,0.231354,7148,7202
"3","1","8","0","6","0","1",0.678333,0.603333,0.177867,7865,7650
"3","1","8","0","0","0","2",0.635833,0.711667,0.08645,4549,5725
"3","1","8","0","1","1","2",0.635833,0.734167,0.129979,6530,6566
"3","1","8","0","2","1","1",0.649167,0.67375,0.0727708,7006,7216
"3","1","8","0","3","1","1",0.6675,0.677083,0.0702833,7375,7366
"3","1","8","0","4","1","1",0.695833,0.635833,0.0845958,7765,7641
"3","1","8","0","5","1","2",0.7025,0.615,0.0721458,7582,7398
"3","1","8","0","6","0","2",0.661667,0.712917,0.244408,6053,6105
"3","1","8","0","0","0","2",0.653333,0.845833,0.228858,5255,5113
"3","1","8","0","1","1","1",0.703333,0.730417,0.128733,6917,6836
"3","1","8","0","2","1","1",0.728333,0.62,0.190925,7040,7126
"3","1","8","0","3","1","1",0.685,0.552083,0.112562,7697,7613
"3","1","8","0","4","1","1",0.706667,0.590417,0.0771167,7713,7628
"3","1","8","0","5","1","1",0.764167,0.5875,0.168533,7350,7064
"3","1","9","0","6","0","2",0.753333,0.638333,0.113187,6140,6753
"3","1","9","0","0","0","2",0.696667,0.815,0.0640708,5810,5991
"3","1","9","1","1","0","1",0.7075,0.790833,0.151121,6034,6177
"3","1","9","0","2","1","1",0.725833,0.755,0.236321,6864,6651
"3","1","9","0","3","1","1",0.736667,0.74125,0.187808,7112,6982
"3","1","9","0","4","1","2",0.696667,0.810417,0.142421,6203,6160
"3","1","9","0","5","1","1",0.703333,0.73625,0.171646,7504,7282
"3","1","9","0","6","0","2",0.659167,0.799167,0.281104,5976,5723
"3","1","9","0","0","0","1",0.61,0.5475,0.224496,8227,7907
"3","1","9","0","1","1","1",0.583333,0.50375,0.258713,7525,7569
"3","1","9","0","2","1","1",0.5775,0.52,0.0920542,7767,7683
"3","1","9","0","3","1","1",0.599167,0.577083,0.131846,7870,7794
"3","1","9","0","4","1","1",0.6125,0.637083,0.0827208,7804,7780
"3","1","9","0","5","1","1",0.633333,0.6725,0.103863,8009,7938
"3","1","9","0","6","0","1",0.608333,0.501667,0.247521,8714,8398
"3","1","9","0","0","0","1",0.58,0.57,0.0901833,7333,7493
"3","1","9","0","1","1","2",0.580833,0.734583,0.151742,6869,6794
"3","1","9","0","2","1","2",0.623333,0.8725,0.357587,4073,4343
"3","1","9","0","3","1","1",0.5525,0.536667,0.215175,7591,7663
"3","1","9","0","4","1","1",0.546667,0.618333,0.118167,7720,7689
"3","1","9","0","5","1","1",0.599167,0.66875,0.154229,8167,7904
"3","1","9","0","6","0","1",0.65,0.646667,0.283583,8395,8242
"4","1","9","0","0","0","1",0.529167,0.467083,0.223258,7907,7747
"4","1","9","0","1","1","1",0.514167,0.492917,0.142404,7436,7385
"4","1","9","0","2","1","1",0.55,0.57,0.236321,7538,7585
"4","1","9","0","3","1","1",0.635,0.630833,0.2444,7733,7695
"4","1","9","0","4","1","2",0.65,0.690833,0.134342,7393,7262
"4","1","9","0","5","1","2",0.619167,0.69,0.164179,7415,7244
"4","1","9","0","6","0","1",0.5425,0.542917,0.227604,8555,8332
"4","1","9","0","0","0","1",0.526667,0.583333,0.134958,6889,7250
"4","1","10","0","1","1","2",0.520833,0.649167,0.0908042,6778,6911
"4","1","10","0","2","1","3",0.590833,0.871667,0.104475,4639,4636
"4","1","10","0","3","1","2",0.6575,0.79375,0.0665458,7572,6944
"4","1","10","0","4","1","2",0.6575,0.722917,0.117546,7328,7274
"4","1","10","0","5","1","1",0.615,0.6275,0.10635,8156,7873
"4","1","10","0","6","0","1",0.554167,0.664167,0.268025,7965,7692
"4","1","10","0","0","0","2",0.415833,0.708333,0.141162,3510,4361
"4","1","10","1","1","0","2",0.383333,0.709583,0.189679,5478,4687
"4","1","10","0","2","1","2",0.446667,0.761667,0.1903,6392,5997
"4","1","10","0","3","1","1",0.514167,0.630833,0.187821,7691,7531
"4","1","10","0","4","1","1",0.435,0.463333,0.181596,7570,7153
"4","1","10","0","5","1","1",0.4375,0.539167,0.235092,7282,7053
"4","1","10","0","6","0","1",0.393333,0.494583,0.146142,7109,6314
"4","1","10","0","0","0","1",0.521667,0.640417,0.278612,6639,6858
"4","1","10","0","1","1","2",0.561667,0.7075,0.296037,5875,6150
"4","1","10","0","2","1","1",0.468333,0.558333,0.182221,7534,7240
"4","1","10","0","3","1","1",0.455833,0.692917,0.101371,7461,7240
"4","1","10","0","4","1","2",0.5225,0.728333,0.236937,7509,7125
"4","1","10","0","5","1","2",0.563333,0.815,0.134954,5424,5898
"4","1","10","0","6","0","1",0.484167,0.572917,0.117537,8090,7689
"4","1","10","0","0","0","1",0.464167,0.51,0.166054,6824,6934
"4","1","10","0","1","1","1",0.4875,0.568333,0.0814833,7058,7086
"4","1","10","0","2","1","1",0.544167,0.641667,0.0945458,7466,7475
"4","1","10","0","3","1","1",0.5875,0.63625,0.0727792,7693,7620
"4","1","10","0","4","1","2",0.55,0.800417,0.124375,7359,7021
"4","1","10","0","5","1","2",0.545833,0.807083,0.132467,7444,6844
"4","1","10","0","6","0","2",0.53,0.72,0.235692,7852,7262
"4","1","10","0","0","0","2",0.4775,0.694583,0.180975,4459,5375
"4","1","10","0","1","1","3",0.44,0.88,0.3582,22,2152
"4","1","10","0","2","1","2",0.318182,0.825455,0.213009,1096,2851
"4","1","10","0","3","1","2",0.3575,0.666667,0.166667,5566,5294
"4","1","11","0","4","1","2",0.365833,0.581667,0.157346,5986,5548
"4","1","11","0","5","1","1",0.355,0.522083,0.266175,5847,5727
"4","1","11","0","6","0","2",0.343333,0.49125,0.270529,5138,5124
"4","1","11","0","0","0","1",0.325833,0.532917,0.179108,5107,4970
"4","1","11","0","1","1","1",0.319167,0.494167,0.236325,5259,5261
"4","1","11","0","2","1","1",0.280833,0.567083,0.173513,5686,5444
"4","1","11","0","3","1","2",0.295833,0.5475,0.304108,5035,5044
"4","1","11","0","4","1","1",0.352174,0.333478,0.347835,5315,4791
"4","1","11","0","5","1","1",0.361667,0.540833,0.214558,5992,5731
"4","1","11","0","6","0","1",0.389167,0.645417,0.0578458,6536,6136
"4","1","11","0","0","0","1",0.420833,0.659167,0.1275,6852,6253
"4","1","11","1","1","0","1",0.485,0.741667,0.173517,6269,6313
"4","1","11","0","2","1","2",0.343333,0.662917,0.342046,4094,4442
"4","1","11","0","3","1","1",0.289167,0.552083,0.199625,5495,5404
"4","1","11","0","4","1","2",0.321667,0.620417,0.152987,5445,5330
"4","1","11","0","5","1","1",0.345,0.524583,0.171025,5698,5624
"4","1","11","0","6","0","1",0.325,0.545417,0.179729,5629,5441
"4","1","11","0","0","0","1",0.3425,0.692917,0.227612,4669,4615
"4","1","11","0","1","1","2",0.380833,0.623333,0.235067,5499,5422
"4","1","11","0","2","1","2",0.374167,0.685,0.082725,5634,5116
"4","1","11","0","3","1","1",0.353333,0.61375,0.103246,5146,5205
"4","1","11","1","4","0","1",0.34,0.580417,0.0528708,2425,3686
"4","1","11","0","5","1","1",0.368333,0.56875,0.148021,3910,4778
"4","1","11","0","6","0","1",0.278333,0.404583,0.376871,2277,3066
"4","1","11","0","0","0","1",0.245833,0.468333,0.1505,2424,3240
"4","1","11","0","1","1","1",0.313333,0.535417,0.04665,5087,4825
"4","1","11","0","2","1","2",0.291667,0.786667,0.237562,3959,4015
"4","1","11","0","3","1","1",0.296667,0.50625,0.210821,5260,5282
"4","1","11","0","4","1","1",0.28087,0.555652,0.115522,5323,5290
"4","1","11","0","5","1","1",0.298333,0.649583,0.0584708,5668,5421
"4","1","12","0","6","0","2",0.298333,0.806667,0.0597042,5191,4765
"4","1","12","0","0","0","2",0.3475,0.823333,0.124379,4649,4266
"4","1","12","0","1","1","1",0.4525,0.7675,0.0827208,6234,6290
"4","1","12","0","2","1","1",0.475833,0.73375,0.174129,6606,6504
"4","1","12","0","3","1","1",0.438333,0.485,0.324021,5729,5977
"4","1","12","0","4","1","1",0.255833,0.50875,0.174754,5375,4639
"4","1","12","0","5","1","2",0.320833,0.764167,0.1306,5008,4734
"4","1","12","0","6","0","2",0.381667,0.91125,0.101379,5582,4814
"4","1","12","0","0","0","2",0.384167,0.905417,0.157975,3228,3775
"4","1","12","0","1","1","2",0.435833,0.925,0.190308,5170,4705
"4","1","12","0","2","1","2",0.353333,0.596667,0.296037,5501,5310
"4","1","12","0","3","1","2",0.2975,0.538333,0.162937,5319,5273
"4","1","12","0","4","1","1",0.295833,0.485833,0.174129,5532,5392
"4","1","12","0","5","1","1",0.281667,0.642917,0.131229,5611,5427
"4","1","12","0","6","0","1",0.324167,0.650417,0.10635,5047,5211
"4","1","12","0","0","0","2",0.3625,0.83875,0.100742,3786,4002
"4","1","12","0","1","1","2",0.393333,0.907083,0.0982583,4585,4431
"4","1","12","0","2","1","1",0.410833,0.66625,0.221404,5557,5614
"4","1","12","0","3","1","1",0.3325,0.625417,0.184092,5267,5290
"4","1","12","0","4","1","2",0.33,0.667917,0.132463,4128,4654
"1","1","12","0","5","1","2",0.326667,0.556667,0.374383,3623,3435
"1","1","12","0","6","0","1",0.265833,0.44125,0.180975,1749,2106
"1","1","12","0","0","0","1",0.245833,0.515417,0.133083,1787,1919
"1","1","12","0","1","1","2",0.231304,0.791304,0.0772304,920,1472
"1","1","12","1","2","0","2",0.291304,0.734783,0.168726,1013,1777
"1","1","12","0","3","1","3",0.243333,0.823333,0.316546,441,1169
"1","1","12","0","4","1","2",0.254167,0.652917,0.350133,2114,2374
"1","1","12","0","5","1","2",0.253333,0.59,0.155471,3095,2778
"1","1","12","0","6","0","2",0.253333,0.752917,0.124383,1341,1503
"1","1","12","0","0","0","1",0.255833,0.483333,0.350754,1796,1922
"1","1","12","0","1","1","2",0.215833,0.5775,0.154846,2729,2619
